Title	Url	Category
Người phụ nữ giấu mặt BẤT NGỜ xuất hiện nói về hoàn cảnh của 5 mẹ con KHỜ. Tập 488	https://www.youtube.com/watch?v=USjo7Tc8ueY	Cuộc sống khó khăn
Sống trong căn chòi quá “THẢM THƯƠNG” mọi thứ đều đi xin để tồn tại. Tập 354	https://www.youtube.com/watch?v=ysf1neVOTG0	Người lớn tuổi
CHUYẾN HÀNH TRÌNH NGHẸT THỞ. Vận chuyển vật tư vào RỪNG SÂU để dựng lên CĂN NHÀ TÌNH THƯƠNG. Tập 110	https://www.youtube.com/watch?v=af0Mu9du4HE	Nhà mới
“SỐNG TRONG CĂN CHÒI SỤP ĐỔ” 3 mẹ con phải chịu cảnh đói quanh năm. Tập 431	https://www.youtube.com/watch?v=E3BY-1qaisE	Gia đình có con nhỏ
"Không ai khổ bằng,cuộc sống nghèo đói của cụ bà sống cô đơn lẻ bóng trong rừng không có gì ăn.#151"	https://www.youtube.com/watch?v=Yl_zJpS67o8	Người lớn tuổi
Sống trong NGÔI NHÀ bằng đất..MƯA BÃO không biết sụp đổ lúc nào không hay. Tập 35	https://www.youtube.com/watch?v=T0Ni-rZL2AM	Cuộc sống khó khăn
1 ngày 1 đêm trải nghiệm ngủ trong rừng nơi những người nghèo được sinh ra sẽ như thế nào. Tập 215	https://www.youtube.com/watch?v=tJztxYQ1bsU	Hoạt động cộng đồng
Sống trong CĂN CHÒI RÁCH NÁT trong rừng sâu người phụ nữ mỗi ngày phảI “ĂN THƠM THAY CƠM” Tập 231	https://www.youtube.com/watch?v=rpqkYHSXyI4	Cuộc sống khó khăn
XÓT XA trước hình ảnh của chàng thanh niên trẻ mắc phải CĂN BỆNH NẶNG chỉ còn DA BỌC XƯƠNG. Tập 217	https://www.youtube.com/watch?v=Vlv36mDWmz4	Vấn đề sức khỏe
"Món ăn nghèo khổ nhất trên vùng núi, cụ bà quanh năm chỉ ăn cây và lá rừng để tồn tại. Tập 415"	https://www.youtube.com/watch?v=noK5ComjzzY	Người lớn tuổi
ÔNG BẢY SỐNG TRONG NHÀ HOANG..Vui mừng khi con cháu đến thăm ông vào dịp TẾT. Tập 86	https://www.youtube.com/watch?v=YmjffGrjVW8	Sống một mình
BẤT NGỜ..Người đàn ông rụt rè SỢ HÃI khi nhìn thấy NGƯỜI LẠ TIẾP CẬN vào CĂN CHÒI RÁCH NÁT. Tập 119	https://www.youtube.com/watch?v=rs5eJptTO1Y	Sống một mình
TRẢI NGHIỆM lên suối nguồn ăn gà luộc và tắm suối cực vui sau những ngày vất vả. Tập 237	https://www.youtube.com/watch?v=QpBbk8bBRnY	Hoạt động cộng đồng
CỤ BÀ sống CÔ ĐƠN trên núi..không ai nuôi dưỡng phải cặm cuội CHĂN BÒ hái đậu để có gạo ăn. Tập 51	https://www.youtube.com/watch?v=q72uByOWGJM	Sống một mình
"Người phụ nữ BỆNH LAO cả đời nhặt VE CHAI, cầu xin được SỐNG SÓT. Tập 485"	https://www.youtube.com/watch?v=e67ELAwkOmc	Vấn đề sức khỏe
CUỘC SỐNG KHỐN KHỔ..TRONG RỪNG SÂU KHÔNG CÓ ÁNH SÁNG VÀ LƯƠNG THỰC ĐỂ ĂN. Tập 93	https://www.youtube.com/watch?v=xQuz1fhPboY	Người lớn tuổi
SỐNG ẨN CƯ TRONG CĂN CHÒI RÁCH NÁT..Không có TIỀN mua bánh phải bắt CHUỘT RỪNG cho con ăn.. Tập 87	https://www.youtube.com/watch?v=HEQdPS7ZotU	Gia đình có con nhỏ
PHÁT HIỆN người đàn ông ở trong căn chòi diện tích nhỏ bỏ quê hương đến nơi nghèo khổ lấy vợ.Tập 193	https://www.youtube.com/watch?v=3bwlSSemCko	Cuộc sống khó khăn
NGƯỜI ĐÀN ÔNG cặm cuội gọt những mảng tre SẮT BÉN để làm gùi bán..kiếm tiền mua gạo ăn. Tập 49	https://www.youtube.com/watch?v=i95hBjPz6m8	Cuộc sống khó khăn
Cô gái trẻ tuổi phải ở trong CĂN CHÒI DỘT NÁT cùng con thơ và ăn rau rừng để tồn tại. Tập 363	https://www.youtube.com/watch?v=64ZZz0EX5l0	Gia đình có con nhỏ
"CỤ BÀ SỐNG CÔ ĐỘC TRONG CĂN CHÒI 1 VÁCH..Gạo không có ăn, mưa không chổ ngủ. Tập 104"	https://www.youtube.com/watch?v=PoI8bI41kjA	Người lớn tuổi
"Dẫn con thơ vào rừng sâu TRÚ ẨN, ở trong căn chòi TẢ TƠI, bữa đói bữa no. Tập 405"	https://www.youtube.com/watch?v=c2HZR4-ZoGQ	Cuộc sống khó khăn
TÁ HOẢ..Người đàn ông di cư và tìm đến men say vì lý do ĐAU LÒNG này. Tập 125	https://www.youtube.com/watch?v=2w-sRhuCy7U	Sống một mình
ĐÁNG THƯƠNG..Cụ bà sống trong CĂN CHÒI DỘT NÁT phải ăn bắp thay CƠM sống qua ngày. Tập 121	https://www.youtube.com/watch?v=mpCfUAVKDSY	Người lớn tuổi
Từ ngày vợ bị S.át hại đến nay 2 cha con của anh cường đã thực hiện được ƯỚC MƠ trong đời. tập 204	https://www.youtube.com/watch?v=ONYZadgUXH4	Nhà mới
Cô gái trẻ VỠ OÀ CẢM XÚC khi nhận được gà để nuôi phát triển KINH TẾ trong rừng sâu. Tập 490	https://www.youtube.com/watch?v=M_IYn0KrNf4	Tất Cả Về Gà
“NGƯỜI PHỤ NỮ VỠ OÀ CẢM XÚC” bỗng dưng ƯỚC MƠ trở thành sự thật. Tập 456	https://www.youtube.com/watch?v=r8a9hXjgLHg	Nhà mới
"HÀNH TRÌNH thực hiện ƯỚC MƠ cho cô gái trẻ, và những nguy hiểm luôn rình rập trong rừng. Tập 492"	https://www.youtube.com/watch?v=VgYHl8BTI7Q	Nhà mới
PHẦN 1: CHUYẾN ĐI ĐẦU NĂM..Mang niềm vui và những điều BẤT NGỜ đến cho NGƯỜI NGHÈO. Tập 100	https://www.youtube.com/watch?v=WulH_nI0FjA	Cuộc sống khó khăn
"Cha mẹ bỏ con giữa cuộc đời nghèo khổ, ăn bắp chuối thay cơm để tồn tại qua ngày. Tập 463"	https://www.youtube.com/watch?v=Vx6RO3ThbF0	Gia đình có con nhỏ
NỖI SỢ HÃI TRONG CĂN NHÀ LẠNH LẼO..phải chăm sóc hai người con BỆNH TẬT. Tập 55	https://www.youtube.com/watch?v=JOz1SEILLq4	People with Disabilities
"NGƯỜI ĂN KHÔNG HẾT,KẺ LẦN CHẲNG RA..CẬU BÉ đáng yêu phụ giúp mẹ lụm phân bò để có GẠO ăn. Tập 79"	https://www.youtube.com/watch?v=UVPwJl5NLDc	Gia đình có con nhỏ
"BÍ ẨN ở vùng đất hẻo lánh, người phụ nữ có cơ thể giống NGƯỜI ẾCH sống trong rừng. Tập 414"	https://www.youtube.com/watch?v=yw2ltiq-sTI	People with Disabilities
VUI MỪNG khi thấy người nghèo khổ có nơi ở ổn định vào dịp cận TẾT. Tập 425	https://www.youtube.com/watch?v=_AMCAZ4zX5E	Nhà mới
MÓN QUÀ BẤT NGỜ..TRAO TẶNG CHIẾC XE ĐẠP MƠ ƯỚC CHO CÔ BÉ CHĂN DÊ. Tập 99	https://www.youtube.com/watch?v=sfw4dFC7wq4	Gia đình có con nhỏ
Sống trong căn chòi rách nát TẢ TƠI. Bốn mẹ con có gì ăn nấy. Ăn LÁ MÔN thay CƠM. Tập 128	https://www.youtube.com/watch?v=4S8luFu82os	Gia đình có con nhỏ
2 ngày vượt nắng mưa vào rừng sâu để thực hiện ƯỚC MƠ cho người nghèo. Tập 356	https://www.youtube.com/watch?v=pGeomR5eVao	Nhà mới
Lời kể RỢN NGƯỜI lúc nửa đêm trong căn chòi dưới chân núi của NGƯỜI NGHÈO. Tập 489	https://www.youtube.com/watch?v=rbChuXCbj-E	Cuộc sống khó khăn
"The luckiest POOR households in the mountains and forests, smiles on their lips when their suffer..."	https://www.youtube.com/watch?v=uAeKQiFIzhU	Nhà mới
CẢM ĐỘNG..cậu bé 11 tuổi có MONG ƯỚC là được ăn cá thịt và có một BỮA CƠM cùng với gia đình. Tập 06	https://www.youtube.com/watch?v=7ga0yTZggig	Cuộc sống khó khăn
BẤT NGỜ người chồng quay lại nhận con của cô bé 19 tuổi bị dụ dỗ sống trong rừng hoang. Tập 401	https://www.youtube.com/watch?v=ZKbyo-WNjNw	Nhà mới
Ngỡ ngang cô bé 14 tuổi có 3 đứa con nhỏ nhất miền núi sống trong rừng sâu. Tập 407	https://www.youtube.com/watch?v=5ue7t3_fHXc	Gia đình có con nhỏ
Chồng con KHÓC HẾT NƯỚC MẮT khi thấy kể lại sự việc nhân tình SÁT HẠI vợ mình. Tập 196	https://www.youtube.com/watch?v=xNk3ero4qwI	Cha mẹ đơn thân
HÀNH TRÌNH KHÓ KHĂN..Giúp đỡ NGƯỜI ĐÀN ÔNG dựng lên NGÔI NHÀ MƠ ƯỚC. Tập 105	https://www.youtube.com/watch?v=NUrbCvA4uzg	Nhà mới
ƯỚC MƠ của gia đình nghèo trở nên THẤT BẠI vì 1 lý do không ai ngờ tới. Tập 465	https://www.youtube.com/watch?v=iUtNKiUN8-g	Vấn đề sức khỏe
Sống trong căn chòi MỤC NÁT phải nấu CHÁO HEO ăn để tồn tại trong rừng. Tập 361	https://www.youtube.com/watch?v=mSPu3Fom16w	Cuộc sống khó khăn
Người chồng TỆ BẠC bỏ rơi ba mẹ con.Để con thơ phải chịu thiệt thòi ăn lá ĐU ĐỦ để sống qua ngày 143	https://www.youtube.com/watch?v=I-C8JZFjY2c	Cha mẹ đơn thân
BẤT NGỜ chồng mất không rõ nguyên nhân.Người phụ nữ phải sống CÔ ĐƠN trong căn chòi rách nát.Tập 140	https://www.youtube.com/watch?v=lWso_BLldHI	Cha mẹ đơn thân
Thực hiện ngôi nhà mơ ước cho 3 mẹ con và câu nói xé lòng của đứa con gái út. Tập 188	https://www.youtube.com/watch?v=nXCmDQ0JK3w	Nhà mới
"CHARITY HOUSE in the middle of the mountains, the midwife was in tears of joy. Episode 506"	https://www.youtube.com/watch?v=1zF8QkoWqxc	Nhà mới
SỐNG ẨN CƯ TRONG CĂN CHÒI RÁCH NÁT..Người phụ nữ chứng kiến RẮN HỔ MANG bò vào nhà ăn gà. Tập 220	https://www.youtube.com/watch?v=D_RnHqj3bxc	Cuộc sống khó khăn
NGƯỜI DÂN NGHÈO tập trung đông đúc vui như TẾT đê nhận được món quà cực kì ý nghĩa từ MTQ. Tập 206	https://www.youtube.com/watch?v=S-NfqKTaWBg	Hoạt động cộng đồng
NỖI KHỔ hiện trên mặt và những giọt NƯỚC MẮT..khi nhắc đến căn bệnh BẨM SINH của bà và đứa cháu thơ.	https://www.youtube.com/watch?v=31EQ0C4Ypxc	People with Disabilities
Cả đời nghèo khổ KHÔNG CHỒNG KHÔNG CON sống biệt lập trong rừng sâu. 345	https://www.youtube.com/watch?v=bmpEAWMep6c	Sống một mình
Người phụ nữ nghèo OÀ KHÓC vì thấy người lạ đến nhà bắt sang CAMPUCHIA. Tập 458	https://www.youtube.com/watch?v=VsLbVaFW9eA	Gia đình có con nhỏ
NGƯỜI ĐÀN ÔNG KHỜ sống chung với ĐỘNG VẬT trên núi vui mừng khi nhận được ánh sáng. Tập 158	https://www.youtube.com/watch?v=p707__Xe-3w	Cuộc sống khó khăn
The woman had to live a life of HARD WORK all her life so that her family could have rice to eat....	https://www.youtube.com/watch?v=QEA0zbhTSW4	Cuộc sống khó khăn
"3 bà cháu sống trong CĂN CHÒI RÁCH, phải dùng thức ăn RUỒI BU KIẾN ĐẬU để tồn tại. Tập 452"	https://www.youtube.com/watch?v=ItmxkUlcbXA	Người lớn tuổi
"Người đàn ông nghèo, vì quá nhớ vợ nên quyết định cả đời chỉ sống với ĐỘNG VẬT. Tập 459"	https://www.youtube.com/watch?v=2fd4eIEhGoI	Sống một mình
Bất ngờ NGƯỜI RỪNG dùng tay không đẩy ngã cây ĐU ĐỦ luộc ăn tại chổ. Tập 146	https://www.youtube.com/watch?v=7UyKMTIYJDU	Cuộc sống khó khăn
Người phụ nữ bị chồng ĐÁNH ĐẬP vỡ oà cảm xúc khi ƯỚC MƠ đã thành sự thật. Tập 467	https://www.youtube.com/watch?v=CJ7cFBF_1Eo	Nhà mới
"Cả gia đình lên đỉnh núi cao sống trong chuồng dê bỏ hoang, phải chia nhau 1 gói mì để ăn. Tập 213"	https://www.youtube.com/watch?v=G0BK28uMFFY	Gia đình có con nhỏ
Người PHỤ NỮ mất chồng..không dám ở nhà sợ người xấu và những điều KÌ LẠ khi về đêm. Tập 41	https://www.youtube.com/watch?v=B8l9QdwSOnE	Cuộc sống khó khăn
"KHÔNG AI KHỔ BẰNG, chồng nghiện rượu qua đời chỉ để lại cho vợ CĂN CHÒI ĐỔ NÁT. Tập 468"	https://www.youtube.com/watch?v=IxrCSIRhnMc	Cha mẹ đơn thân
VỢ CHỒNG NGƯỜI RỪNG nhận được MÓN QUÀ QUÝ GIÁ sau 30 năm ngủ bờ ngủ bụi trong rừng. Tập 157	https://www.youtube.com/watch?v=hnSHkP_LoqQ	Nhà mới
Chàng trai tật bẩm sinh có NGHỊ LỰC sống..ước có phép màu để mẹ được sống lại về bên cạnh mình tập21	https://www.youtube.com/watch?v=PFC5LmoqOUI	People with Disabilities
Người em VẤT VẢ lo từng miếng ăn cho chị mình..sợ chị đi lạc sẽ không gặp lại được nữa. Tập 29	https://www.youtube.com/watch?v=_rUG9b-yBVI	People with Disabilities
“MỘT MÌNH NUÔI 3 ĐỨA CON VÀ NGƯỜI EM BỊ THẦN KINH” phải ăn đồ rừng để tồn tại. Tập 392	https://www.youtube.com/watch?v=Eocp0bJ8VWc	Gia đình có con nhỏ
"“CHỒNG MẤT, CON THEO VỢ” bỏ lại người phụ nữ sống cô độc trong rừng núi. Tập 413"	https://www.youtube.com/watch?v=-lDWATx1DSw	Cha mẹ đơn thân
"KHÔNG AI KHỔ BẰNG, ông cụ bà sống trong rừng sâu phải ăn lá rừng để tồn tại qua ngày. Tập 399"	https://www.youtube.com/watch?v=xNOkFO3weQM	Người lớn tuổi
CỤ ÔNG với thân hình GẦY GÒ nhỏ bé..Và bó củi nặng trên vai. Tập 01	https://www.youtube.com/watch?v=a7IrJiOc3pg	Người lớn tuổi
“CHẤN ĐỘNG MIỀN NÚI” người phụ nữ trẻ tuổi quyết định đổi 2 đứa con lấy VÉ SỐ TRÚNG. Tập 433	https://www.youtube.com/watch?v=pHXcggxrKSw	Gia đình có con nhỏ
Lời kể RỢN NGƯỜI khi về đêm..của CỤ BÀ sống CÔ ĐỘC dưới chân núi. Tập 47	https://www.youtube.com/watch?v=UXWnvXGaCXM	Sống một mình
"CỤ ÔNG sống như người vô gia cư trong rừng, vào chòi của người lạ ở khi nào đuổi thì đi. Tập 350"	https://www.youtube.com/watch?v=VjWPGx0u70I	Người lớn tuổi
"Sống trong căn chòi hai vách, nơi TRÚ ẨN chưa ai biết sự nghèo khổ của người ĐỒNG BÀO CƠ HO. Tập 211"	https://www.youtube.com/watch?v=dlojSYqmqo8	Cuộc sống khó khăn
Bị CON RUỘT ĐUỔI RA KHỎI NHÀ. CỤ BÀ khóc cạn nước mắt vì không sống nổi nữa. Tập 71	https://www.youtube.com/watch?v=akc_f4cAENY	Sống một mình
The simple DREAM of the POOR people has come true. Episode 512	https://www.youtube.com/watch?v=v-9bWXUhtQY	Tất Cả Về Gà
CỤ ÔNG LANG THANG..bị MẤT MỘT TAY và MỘT CHÂN không cần sự giúp đỡ từ ai. Tập 66	https://www.youtube.com/watch?v=FkujqfvxUjQ	People with Disabilities
"Two tycoons met each other in the mountains of POOR, one of them shed TEARS. Episode 514"	https://www.youtube.com/watch?v=cKQ27i0btNI	Sống một mình
"The poorest family in the MOUNTAINS, shed TEARS over the DREAMS of children. Episode 511"	https://www.youtube.com/watch?v=cbQRv-gbit4	Cuộc sống khó khăn
Mang ánh sáng lên vùng cao cho NGƯỜI RỪNG sống ẩn danh trên núi ăn tất cả các loại lá cây. Tập 159	https://www.youtube.com/watch?v=Y_7iQfTeK2c	Cuộc sống khó khăn
NGƯỜI ĐÀN ÔNG BỊ XE TÔNG CHẤN THƯƠNG..Sống CÔ ĐỘC một mình trong CĂN CHÒI HIU QUẠNH. Tập 81	https://www.youtube.com/watch?v=xAY6eaDfxes	Sống một mình
“CÔ GÁI 19 TUỔI BỊ LỪA CÓ BẦU” ôm con thơ 5 tháng tuổi vào rừng sâu để sống. Tập 377	https://www.youtube.com/watch?v=ShjLrm9oVJY	Cha mẹ đơn thân
“CUỘC SỐNG NGHÈO KHỔ CỦA NGƯỜI ĐỒNG BÀO” Uống nguồn nước bẩn quanh năm. Tập 391	https://www.youtube.com/watch?v=h3qSXgB4N9s	Người lớn tuổi
"Vùng đất nghèo KẺ ĂN KHÔNG HẾT, NGƯỜI LẦN KHÔNG RA trẻ em nghèo có được ƯỚC MƠ. Tập 472"	https://www.youtube.com/watch?v=vQCODdczHD4	People with Disabilities
"MTQ vượt hơn nửa vòng trái đất đến VIỆT NAM, 250 gia đình thay đổi cuộc sống. Tập 504"	https://www.youtube.com/watch?v=xyHlMGOQoqw	Hoạt động cộng đồng
GIẢI CỨU chú rùa đá bị giam giữ suốt 4 năm để cứu người được trả về với thiên nhiên. Tập 198	https://www.youtube.com/watch?v=yaDXuVfHQ7s	Cuộc sống khó khăn
CHÀNG TRAI bị tật hy sinh nhường nơi ấm áp cho em gái ngủ..còn mình phải nằm ở nơi lạnh lẽo. Tập 22	https://www.youtube.com/watch?v=uQFFocb7Wbk	People with Disabilities
XÓT XA..CỤ BÀ SỐNG TRONG CĂN CHÒI RÁCH NÁT VỚI GÀ. Không có GẠO ăn phải ăn ĐU ĐỦ qua ngày. Tập 107	https://www.youtube.com/watch?v=8bxS7D6UiNg	Người lớn tuổi
Đau lòng khi thấy người phụ nữ phải vất vả đi nhặt phân bò để nuôi đứa con tâm thần. 131	https://www.youtube.com/watch?v=vJ_yMcBlh0E	People with Disabilities
"Người đàn ông có 1 bàn tay và 3 bàn chân KÌ LẠ nhất thế giới, ẩn mình trong rừng sâu. Tập 497"	https://www.youtube.com/watch?v=RPCT8WxuTnI	People with Disabilities
Bài thuốc dân gian kì lạ có hiệu lực ngay tức khắc của người đồng bào RAGLAY. Tập 353	https://www.youtube.com/watch?v=XVYurXEFQS0	Cuộc sống khó khăn
"GIẢ VỜ vào xin tiền cụ bà nghèo khổ mua đồ ăn, ai ngờ bà cho 2 cây sắt đi bán kiếm tiền. Tập 504"	https://www.youtube.com/watch?v=w-bMvfhnm2Q	Người lớn tuổi
Vợ chồng cụ ông ĐÔI ĐŨA LỆCH cả đời sống trong HANG ĐÁ làm mọi việc để có GẠO mà ăn. Tập 166	https://www.youtube.com/watch?v=WvgyFJ61GQ0	Nhà đá
"4 Bà cháu ở trong CĂN CHÒI CŨ NÁT trên đỉnh núi cao, nghèo đến mức 4 người chỉ 2 gói mì tôm. 218"	https://www.youtube.com/watch?v=U1eMUxtIIfg	Gia đình có con nhỏ
THỰC HIỆN ƯỚC MƠ cho 3 mẹ con nghèo khổ có CĂN NHÀ MỚI trên rừng núi. Tập 417	https://www.youtube.com/watch?v=S7nYNRo_Big	Nhà mới
"Sống trong HANG ĐÁ trên đỉnh núi cao, nỗi khổ kinh hoàng của người đồng bào RAGLAI. Tập 208"	https://www.youtube.com/watch?v=xAHnYesgBc4	Nhà đá
TẬN CÙNG NỖI KHỔ.. Người phụ nữ sống CÔ ĐỘC một mình ăn MÌ TÔM sống qua ngày. Tập 54	https://www.youtube.com/watch?v=Q7nA4ZLphMQ	Sống một mình
CON THƠ KHÁT SỮA..NGƯỜI PHỤ NỮ phải lặn lội giữa trời nắng NHẶT PHÂN BÒ ĐỂ MUA SỮA CHO CON. Tập 84	https://www.youtube.com/watch?v=6Ux6DkhtKeU	Cha mẹ đơn thân
Không ngại mưa gió..mang món quà nhỏ bé lên ngọn đồi gặp NGƯỜI PHỤ NỮ sống CÔ ĐỘC một mình. Tập 14	https://www.youtube.com/watch?v=GBcHPqOetfo	Sống một mình
“NGƯỜI MẸ GIÀ CÔ ĐƠN TRONG RỪNG NÚI” Buồn tủi khi bị con đuổi. Tập 385	https://www.youtube.com/watch?v=UuqbLtkyW5Q	Người lớn tuổi
THỬ LÒNG người đồng bào đi lên đỉnh núi cao bán CÁ KHÔ với cái giá cực rẻ. Tập 236	https://www.youtube.com/watch?v=KHOo6O0aDsQ	Cuộc sống khó khăn
Đi vào khu vực rừng núi ẩm thấp nhất để tiếp tế lương thực cho bà con nghèo không có gì để sống /209	https://www.youtube.com/watch?v=5OwltraOTDs	Vấn đề sức khỏe
Người phụ nữ TÀN TẬT bật khóc NỞ NỞ khi bị cháu đuổi ra khỏi nhà. Tập 461	https://www.youtube.com/watch?v=p-lRaKQkd2Y	People with Disabilities
CHÀNG TRAI..cặm cuội nhặt ve chai để kiếm tiền nuôi sống bản thân và mẹ của mình.Tập 45	https://www.youtube.com/watch?v=gkoThG4hOlE	Cuộc sống khó khăn
"Cô gái khờ trẻ tuổi nhất miền núi, cùng 2 con vào rừng sâu trú ẩn, ăn lá rừng để tồn tại. Tập 410"	https://www.youtube.com/watch?v=GaCXP-q-uzo	Gia đình có con nhỏ
"NGHÈO RỚT MỒNG TƠI bị bệnh sợ mất bỏ lại con thơ,ăn lá rừng sống qua ngày vì không còn gạo. Tập 190"	https://www.youtube.com/watch?v=F9R5pyFnZoU	Vấn đề sức khỏe
TIẾN NGUYỄN bất ngờ đưa hai cha con anh CƯỜNG đi ngay trong đêm vì điều này. Tập 203	https://www.youtube.com/watch?v=naNjBA9M2m8	Vấn đề sức khỏe
"Gặp SỰ CỐ trên đường, chạy đua với thời gian để nhìn thấy nụ cười của NGƯỜI NGHÈO. Tập 478"	https://www.youtube.com/watch?v=8LguCG7Qvvg	Hoạt động cộng đồng
"Sống trong CĂN CHÒI RÁCH NÁT tã tơi vì mưa gió gây ra, không còn nơi nào ở được. Tập 470"	https://www.youtube.com/watch?v=y97m9BhZ9zI	Gia đình có con nhỏ
BẤT NGỜ CỤ BÀ CÓ THÂN HÌNH NHỎ BÉ..VÁC BAO CỦI TO HƠN THÂN MÌNH. Tập 58	https://www.youtube.com/watch?v=kPL6yeidjMo	Người lớn tuổi
CỨ NGỠ LÀ GIẤC MƠ 3 mẹ con vui mừng rơi nước mắt khi nhận được CĂN NHÀ TÌNH THƯƠNG. Tập 400	https://www.youtube.com/watch?v=NsRhrDjkFww	Nhà mới
Cụ bà sống lủi thủi một mình tromg căn chòi tả tới không người thân bên cạnh. Tập 402	https://www.youtube.com/watch?v=8t3nsfFxM9s	Người lớn tuổi
"HÀNH TRÌNH vượt dốc đá, để dựng lên CĂN NHÀ đẹp lung linh giữa núi rừng. Tập 438"	https://www.youtube.com/watch?v=o_dzrbQjL9I	Nhà mới
HÀNH TRÌNH lên đỉnh núi cao TRUY TÌM căn chòi 2 vách của 2 mẹ con GẠO không có mà ăn. 174	https://www.youtube.com/watch?v=J2tW4MSPZgc	Gia đình có con nhỏ
"HÀNH TRÌNH đi tìm lại sự sống, chị Lan BẤT NGỜ khi nhận được số tiền lớn. Tập 496"	https://www.youtube.com/watch?v=1taz_sJpqMw	Vấn đề sức khỏe
"BỮA CƠM CHAN NƯỚC MẮT, người phụ nữ sống trong rừng sâu nhặt VE CHAI sống qua ngày. Tập 205"	https://www.youtube.com/watch?v=zAVOHK7--vg	Cuộc sống khó khăn
"Mong muốn có được một tình yêu ĐÍCH THỰC, không ngờ bị 3 người chồng nhẫn tâm BỎ RƠI. Tập 473"	https://www.youtube.com/watch?v=Lpgd_1wHXso	Cha mẹ đơn thân
VƯỢT ĐÈO LỘI SUỐI..GIAN NAN KHÔNG CHÙN BƯỚC để dựng lên CĂN NHÀ TÌNH THƯƠNG cho người nghèo. Tập 124	https://www.youtube.com/watch?v=vQkMzdRiHN0	Nhà mới
"Cuộc sống ÉO LE của đôi vợ chồng trẻ tuổi, chồng đánh đổi bàn tay để có sữa cho con uống. Tập 348"	https://www.youtube.com/watch?v=NynWiCP5toE	Gia đình có con nhỏ
BẤT NGỜ nghe tiếng động trong bụi cỏ khi đi hái rau rừng trên núi cao về ăn. Tập 138	https://www.youtube.com/watch?v=NevZKeuZPTQ	Vấn đề sức khỏe
CỤ BÀ có nụ cười GIÒN TAN..sống CÔ ĐỘC CỰC KHỔ trên núi..và kể về câu chuyện khi gặp CỌP DỮ. Tập 48	https://www.youtube.com/watch?v=uP-oF0uFx2g	Sống một mình
BẤT NGỜ 19 năm 4 mẹ con sống chung với RẮN ĐỘC trong HANG ĐÁ. Tập 177	https://www.youtube.com/watch?v=1Oc02wbsF8Y	Nhà đá
Sống trên đỉnh núi cao trong CĂN CHÒI RÁCH NÁT không có tiền phải đào khoai rừng để ăn. Tập 228	https://www.youtube.com/watch?v=Y_ufKuDcPP0	Cuộc sống khó khăn
"BỊ CHỒNG BẠO HÀNH vì không đáp ứng CHUYỆN ẤY, người phụ nữ ôm con vào rừng TRÚ ẨN. Tập 422"	https://www.youtube.com/watch?v=DIeheg4wIm0	Cha mẹ đơn thân
"Căn chòi TẢ TƠI trên tảng đá, CHỒNG MẤT SỚM bỏ lại vợ và những đứa con thơ sống khổ sở. Tập 358"	https://www.youtube.com/watch?v=2dla0X60X0o	Cha mẹ đơn thân
BẤT NGỜ..Thiếu nữ nhỏ tuổi nhất vùng núi lấy số tiền lớn đổi lấy căn nhà tình thương. Tập 147	https://www.youtube.com/watch?v=Xr4ctNUkmz4	Nhà mới
"Bà lão 15 năm sống CÔ ĐỘC trong rừng sâu không có gạo ăn, chỉ mặc 1 bộ đồ duy nhất. Tập 453"	https://www.youtube.com/watch?v=EM3OA6gbdqU	Người lớn tuổi
“SỐNG TRONG CĂN CHÒI MỤC NÁT ĐÁNG THƯƠNG” cha mẹ bỏ rơi hai đứa trẻ cho bà nuôi. Tập 388	https://www.youtube.com/watch?v=C77bIkDdC_k	Gia đình có con nhỏ
“VƯỢT QUA MỌI GIAN NAN” để nhìn thấy những giọt nước mắt hạnh phúc của người nghèo. Tập 383	https://www.youtube.com/watch?v=FdmlEbwqqgk	Nhà mới
Sống trong “CĂN CHÒI MỤC NÁT” người vợ phải nuôi chồng bị LIỆT nửa người. Tập 368	https://www.youtube.com/watch?v=oLvkTc69Hnw	People with Disabilities
GIA ĐÌNH BẤT HẠNH..CHÀNG TRAI TRẺ TỰ TI sợ người đời chê cười vì mắc phải CĂN BỆNH LẠ. Tập 95	https://www.youtube.com/watch?v=OK-l0eHNWP4	Vấn đề sức khỏe
ƯỚC MƠ của người ĐÀN ÔNG nay đã được thực hiện...một MÁI ẤM TÌNH THƯƠNG che NẮNG MƯA. TẬP 30	https://www.youtube.com/watch?v=8oNcTMyTbIg	Nhà mới
JOURNEY to build DREAMS for poor people in mountainous areas to develop the economy. Episode 513	https://www.youtube.com/watch?v=DUCTfUIFb9U	Tất Cả Về Gà
TẬN CÙNG NỖI KHỔ..vợ chồng CỤ ÔNG sống trong CĂN CHÒI RÁCH NÁT..gạo không có mà ăn. Tập 46	https://www.youtube.com/watch?v=b47u9U_4YDQ	Người lớn tuổi
"3 năm sống trong HANG ĐÁ, gia đình nghèo phải chịu cảnh ĐÓI quanh năm. Tập 424"	https://www.youtube.com/watch?v=lw9Cu5bWLYs	Nhà đá
"KÌ LẠ người phụ nữ chỉ sinh được con trai, khi mang bầu con gái đều MẤT hết. Tập 426"	https://www.youtube.com/watch?v=tikNJMKHFs4	Gia đình có con nhỏ
CỤ ÔNG SỐNG TRONG CĂN CHÒI RÁCH NÁT..Kể lại chuyện KHÓ TIN nhất trong đời của ông. Tập 96	https://www.youtube.com/watch?v=O8PPhIN-k0c	Người lớn tuổi
Cả dân làng vui mừng khi nhận được 1 món quà rất ý nghĩa trong cuộc đời này. Tập 185	https://www.youtube.com/watch?v=iS8aw6i3iPc	Hoạt động cộng đồng
"“Gạo không đủ ăn, áo không đủ mặc” sống trong CĂN CHÒI RÁCH khi chồng qua đời. Tập 455"	https://www.youtube.com/watch?v=EtyJoUD9mOE	Cuộc sống khó khăn
“SỐNG TRONG CĂN CHÒI DỘT NÁT” phải nhổ CỦ KHOAI ĐỘC HẠI để có tiền nuôi con. Tập 446	https://www.youtube.com/watch?v=YhwwdN2OdZE	Gia đình có con nhỏ
Đứa trẻ ĐÁNG THƯƠNG...DỊ TẬT vì không được như bao ĐỨA TRẺ khác. Tập 20	https://www.youtube.com/watch?v=KvWFViMApQo	People with Disabilities
Cuộc sống nghèo khổ trong CĂN CHÒI VỊT của 3 mẹ con trong rừng núi. Tập 429	https://www.youtube.com/watch?v=2FjkJ7TUeHg	Cuộc sống khó khăn
“NGHÈO CÒN GẶP CÁI EO” chú NGHI bị kẻ lạ mặt trộm xe ngay giữa ban ngày. Tập 498	https://www.youtube.com/watch?v=K0ezrTd8Qao	Cuộc sống khó khăn
Bốn mẹ con sống ẨN DANH trong căn chòi nhỏ trên đỉnh núi cao. mỗi ngày ăn rau rừng để sống. Tập 224	https://www.youtube.com/watch?v=6b5iIjZ_ajI	Gia đình có con nhỏ
BÀ CON NGHÈO KHỔ VUI MỪNG..Khi nhận được quà từ MẠNH THƯỜNG QUÂN Ở MỸ về thăm. Tập 91	https://www.youtube.com/watch?v=2NvNGkUVtQg	Hoạt động cộng đồng
CỤ BÀ LỦI THỦI một mình..sống trong cánh rừng có gì ăn đó sống qua ngày. Tập 72	https://www.youtube.com/watch?v=43cDOiSzcug	Sống một mình
“MỪNG RỚT NƯỚC MẮT” dù ở căn chòi ĐỔ NÁT nhưng vẫn có gà để làm điểm tựa để phát triển. Tập 491	https://www.youtube.com/watch?v=m_77Pe-ojvM	Tất Cả Về Gà
NGƯỜI ĐÀN ÔNG SỐNG CHUNG VỚI GÀ..MƠ ƯỚC chỉ có áo mặc và dép để mang đi LƯỢM PHÂN BÒ. Tập 97	https://www.youtube.com/watch?v=vI7vcGkrPzk	Sống một mình
Chinh phục ngọn núi để tìm kiếm NGUỒN SỐNG cuối cùng cho người dân nghèo. Tập 474	https://www.youtube.com/watch?v=zhLp3U51Swg	Hệ thống cấp nước
BÀ CON NGHÈO nở nụ cười hạnh phúc khi được MTQ vượt hàng trăm km đến tặng quà. Tập 351	https://www.youtube.com/watch?v=gSDNPcNbsas	Hoạt động cộng đồng
Vào tận rừng sâu tìm kiếm cặp vợ chồng ĐÔI ĐŨA LỆCH sống trong căn chòi rách thảm thương. Tập 460	https://www.youtube.com/watch?v=sIfp7EWXma4	Cuộc sống khó khăn
"Sống trong căn chòi DỘT NÁT, người phụ nữ khóc NỨC NỞ vì quá khổ. Tập 486"	https://www.youtube.com/watch?v=9dVeqqx1Lkc	Cuộc sống khó khăn
“NGHÈO RỚT MỒNG TƠI” Phải sống trong túp lều bạt đơn sơ ăn lá rừng mỗi ngày để tồn tại. Tập 387	https://www.youtube.com/watch?v=6RunubI5lfg	Gia đình có con nhỏ
Người phụ nữ khóc NỨC NỞ vui mừng khi ƯỚC MƠ đã thành sự thật. Tập 365	https://www.youtube.com/watch?v=mDcNjjltKXE	Nhà mới
"Không ai khổ bằng..CĂN CHÒI cô đơn trên vùng núi, phải ăn ĐU ĐỦ thay cơm. Tập 129"	https://www.youtube.com/watch?v=WKaH-ix9jFU	Cuộc sống khó khăn
CỤ BÀ CƯỜI TÍT MẮT. Khi nhận những món quà TÌNH THƯƠNG vào những ngày cận kề TẾT. Tập 69	https://www.youtube.com/watch?v=t0q4MKRlp3g	Người lớn tuổi
SỐNG TRONG CĂN CHÒI RÁCH NÁT TẢ TƠI..CƠM ÁO GẠO TIỀN không có phải cho con ăn ĐU ĐỦ để sống. Tập 102	https://www.youtube.com/watch?v=wGQ2_dVxVbE	Gia đình có con nhỏ
"Trẻ em miền núi được có cơ hội để đến trường, ăn được món ăn ngon nhất trong cuộc đời. Tập 355"	https://www.youtube.com/watch?v=W8SfmpICtiI	Hoạt động cộng đồng
KẺ LẠ MẶT tiếp cận CĂN CHÒI NHƯ CHUỒNG GÀ..Và mang điều BẤT NGỜ ĐẾN CHO CHỊ GÁI. Tập 76	https://www.youtube.com/watch?v=y1mWwOb-MOg	Cuộc sống khó khăn
BẤT NGỜ..CỤ BÀ hoảng sợ bật khóc liền bỏ chạy giữa trời mưa khi có người đến hỏi thăm. Tập 38	https://www.youtube.com/watch?v=NdIveN4hLvs	Người lớn tuổi
"Ở chòi CHUỒNG GÀ, Ăn lá ĐU ĐỦ, Uống nguồn nước BẨN để sinh tồn trong rừng của người nghèo. Tập 152"	https://www.youtube.com/watch?v=Tg0-QrWgDdY	Vấn đề sức khỏe
“HÀNH TRÌNH”dẫn đường ống nước sạch về cho dân làng sau nhiều năm sử dụng nguồn nước ô nhiễm.Tập 197	https://www.youtube.com/watch?v=zWy2zwhi-Wc	Hệ thống cấp nước
"Ông cụ sống ẩn mình trong rừng suốt nhiều năm, chỉ mong muốn có thịt để ăn. Tập 471"	https://www.youtube.com/watch?v=B3YBb-6u7fM	Người lớn tuổi
Bị ĐỨT THẮNG XE ĐỨNG GIỮA DỐC NÚI trên đường đến thăm cụ ông nằm in dấu lưng trên đá. Tập 344	https://www.youtube.com/watch?v=xWWpEhOT_vo	Sống một mình
XÓT XA hình ảnh cụ bà sống cô độc 65 năm trong CĂN CHÒI HAI VÁCH trên đỉnh núi cao. Tập 223	https://www.youtube.com/watch?v=J2jxefZtpUo	Người lớn tuổi
TẬN CÙNG NỖI KHỔ…không có gì mà ăn cậu bé đành phải ăn cơm trắng uống nước lã. Tập 59	https://www.youtube.com/watch?v=YSPU9GR8UcE	Gia đình có con nhỏ
NGƯỜI PHỤ NỮ KHỔ ĐẾN MỨC phải cho 2 đứa con nhỏ đi CHĂN BÒ để có tiền mua tôn dựng CĂN CHÒI ở. #227	https://www.youtube.com/watch?v=okuoOdspVqA	Gia đình có con nhỏ
"Quay trở lại nơi ở cũ của 4 mẹ con sống trong HANG ĐÁ, bất ngờ khi chứng kiến điều này. Tập 480"	https://www.youtube.com/watch?v=byFltQi9Etg	Nhà đá
TẬN CÙNG CỦA NỖI KHỔ..hai CỤ BÀ phải sống NƯƠNG TỰA vào nhau không có cái mà ăn. Tập 36	https://www.youtube.com/watch?v=ly6gkTtCd1k	People with Disabilities
Sống trong BỤI RẬM..CON THƠ khóc vì ĐÓI không có GẠO ăn. Tập 112	https://www.youtube.com/watch?v=z1UH0mSBb-8	Gia đình có con nhỏ
NGƯỜI MẸ ĐAU LÒNG KHI NGHE CON NÓI. Bạn thấy con TẬT NGUYỀN nên không chơi với con. Tập 108	https://www.youtube.com/watch?v=jDoiF2vfS7U	Vấn đề sức khỏe
Vượt đèo lội suối lên đỉnh núi cao tìm cậu nhóc 15 tuổi không biết nói gặp người lạ sợ bỏ chạy./ 212	https://www.youtube.com/watch?v=tVANz_vv0uo	People with Disabilities
Cô gái nuôi 5 đứa trẻ ở trong rừng ĐỔ MỒ HÔI HỘT khi thấy người lạ tới giành đất. Tập 239	https://www.youtube.com/watch?v=ictOMuZcnhE	Gia đình có con nhỏ
"NGƯỜI PHỤ NỮ HƠN 50 NĂM KHÔNG BIẾT TIỀN LÀ GÌ, nghèo khổ phải ăn cơm với nước lã. Tập 342"	https://www.youtube.com/watch?v=LcTi0kSh2_o	Cha mẹ đơn thân
THIẾU NỮ XINH ĐẸP oà khóc NỨC NỞ khi nhận được món quà từ trước đến giờ chưa từng nghĩ tới. Tập 142	https://www.youtube.com/watch?v=5WU6-IvBNEo	Gia đình có con nhỏ
BẤT NGỜ..BÀ CỤ đi hàng chục cây số mỗi ngày để mang lương thực về cho người con bị bệnh. Tập 26	https://www.youtube.com/watch?v=BGZAf1p1JtA	Người lớn tuổi
"XÓT XA trước cảnh 2 vợ chồng bệnh đau, phải đi mượn tiền nhưng bị ĐUỔI về. Tập 466"	https://www.youtube.com/watch?v=1ZvG8I8LgFw	Vấn đề sức khỏe
THIẾU NỮ nhỏ tuổi nhất miền núi ôm con thơ vào rừng sâu ăn lá ĐU ĐỦ để sống qua ngày. Tập 238	https://www.youtube.com/watch?v=Oa-AXK_rYNQ	Gia đình có con nhỏ
Hai mẹ con lần đầu tiên nhận được số tiền lớn trong đời không dám nhận vì sợ bị bắt. Tập 191	https://www.youtube.com/watch?v=XwSSzY4Dy74	Cuộc sống khó khăn
CHUYỆN LẠ người mẹ trẻ BẬT KHÓC NỨC NỞ khi chồng qua đời và con trai 4 năm không chịu ăn cơm.Tập 411	https://www.youtube.com/watch?v=eeAIY7S8EIA	Nhà mới
Cải thiện cửa mới cho CĂN NHÀ TÌNH THƯƠNG của bà con nghèo trên miền núi. Tập 404	https://www.youtube.com/watch?v=cG42Gexo1YI	Nhà mới
"Cuộc sống NGHÈO ĐÓI của người nghèo, và những món ăn ĐẶC BIỆT ít có ai dám ăn. Tập 469"	https://www.youtube.com/watch?v=skI0UMt1lrE	Người lớn tuổi
Vợ chồng ông lão 22 năm sống trong hang đá vui mừng vì lần đầu tiên trong đời được ăn thịt. Tập 182	https://www.youtube.com/watch?v=yKBLdicdFHY	Nhà đá
Người phụ nữ SỢ HÃI ĐỔ MỒ HÔI HỘT khi lần đầu tiên gặp người lạ và nhận được quà lớn. Tâp 214	https://www.youtube.com/watch?v=zQvo8Z7JE1s	Cuộc sống khó khăn
Người phụ nữ OÀ KHÓC khi vừa có NHÀ VÀ GÀ sau khi người chồng qua đời. Tập 451	https://www.youtube.com/watch?v=maioMpAmdgE	Cha mẹ đơn thân
TAY BẾ TAY BỒNG..Ba mẹ con ngồi giữa trưa nắng chăn dê để có tiền mua thuốc cho chồng uống. Tập 60	https://www.youtube.com/watch?v=CfJ2f9uoMJw	Vấn đề sức khỏe
Băng rừng vượt suối trao tặng Bò cho đôi vợ chồng trẻ tuổi nhất miền núi. Tập 366	https://www.youtube.com/watch?v=84ZoU1G9K7E	Gia đình có con nhỏ
KHÔNG AI KHỔ BẰNG sống trong CĂN CHÒI BAY NÓC trong rừng sâu cùng con thơ. Tập 359	https://www.youtube.com/watch?v=KIBMD7PwHkw	Gia đình có con nhỏ
BẤT NGỜ KHI THẤY CẢNH người phụ nữ ngủ chung với GÀ ăn lá rừng khi thiếu GẠO. Tập 168	https://www.youtube.com/watch?v=wz9UidIldnc	Cuộc sống khó khăn
CỤ BÀ sống cô độc trên núi..chồng mất bà phải đi chăn bò để có gạo ăn Tập 42	https://www.youtube.com/watch?v=G9zeTuT1V_A	Sống một mình
Căn chòi trú ngụ bên dưới thung lũng của người đồng bào RAGLAI.Ăn bắp quanh năm vì thiếu gạo.Tập 156	https://www.youtube.com/watch?v=wh8FdLdyy1s	Cuộc sống khó khăn
“NGƯỜI MẸ TRẺ BỒNG 3 ĐỨA CON THƠ” vào rừng sâu để sinh sống qua ngày. Tập 384	https://www.youtube.com/watch?v=T0AHBty6t1k	Gia đình có con nhỏ
Nhận được món quà vô cùng quý giá mà những người nghèo có mơ ước cũng không được. Tập 133	https://www.youtube.com/watch?v=Vd0LmugUq7A	Nhà mới
Thực hiện ước mơ của 4 mẹ con 20 năm sống trong hang đá đổi đời chỉ sau một đêm chợp mắt. Tập 181	https://www.youtube.com/watch?v=6GyZpYj9ORc	Nhà đá
“CÔ GÁI NHỎ TUỔI NHẤT MIỀN NÚI” 17 tuổi sinh con thơ mắc phải CĂN BỆNH HIỂM NGHÈO. Tập 375	https://www.youtube.com/watch?v=-_wCAvmJRD4	Gia đình có con nhỏ
MANG ÁNH SÁNG lên vùng núi cho người nghèo. CĂN CHÒI CHỐNG ĐỔ NHƯ VẠN LÝ TRƯỜNG THÀNH. Tập 161	https://www.youtube.com/watch?v=RPQoSXrBsmg	Cuộc sống khó khăn
"The old lady SUDDENLY received a HUGE gift, and was overwhelmed when her DREAM came true. Episode..."	https://www.youtube.com/watch?v=sksGJdk5v-Q	Nhà mới
Choáng người với hành trình đi vào đoạn đường đá nhiều nhất vùng để làm nhà cho người nghèo. Tập 128	https://www.youtube.com/watch?v=zmjeJ_ktfQs	Nhà mới
"Sống trong CĂN CHÒI MỤC NÁT, 20 nhặt PHÂN BÒ để đổi gạo ăn. Tập 447"	https://www.youtube.com/watch?v=6s8nkpTMxZE	Cuộc sống khó khăn
TRẬN BÃO QUA ĐI để lại căn chòi THÊ THẢM cho 3 mẹ con nghèo khổ sống trong rừng. Tập 360	https://www.youtube.com/watch?v=krSAAkBMZRE	Gia đình có con nhỏ
CĂN CHÒI RÁCH NÁT..Và cuộc sống KHỔ CỰC của ÔNG CỤ BÀ nuôi hai ĐỨA CHÁU THƠ bị BỎ RƠI. Tập 111	https://www.youtube.com/watch?v=0ieYmqhx2Co	Người lớn tuổi
"Người đàn ông bỏ nhà lên núi sống cô độc 1 mình, phải ăn rau rừng khi không có gạo. Tập 419"	https://www.youtube.com/watch?v=or6dH1IroCE	Sống một mình
CĂN CHÒI SỤP ĐỔ. Thua cái CHUỒNG GÀ phải ăn đu đủ và rau rừng sống qua ngày. Tập 126	https://www.youtube.com/watch?v=0Re1YDegM7A	Sống một mình
“HÀNH TRÌNH CỰC KHỔ NHẤT” Lên đỉnh núi cao TRUY TÌM CĂN CHÒI RÁCH NÁT của 3 bà cháu. Tập 233	https://www.youtube.com/watch?v=PJQapRAEKa8	Cuộc sống khó khăn
"Sống trong căn chòi trong rừng sâu, cả gia đình CHĂN DÊ MƯỚN chỉ 2 nghìn đồng 1 con. Tập 234"	https://www.youtube.com/watch?v=N3ea94Ob5wc	Cuộc sống khó khăn
Cả đời không chồng con phải làm VẤT VẢ để nuôi người em TÂM THẦN. Tập 501	https://www.youtube.com/watch?v=qaxILnpSD0Y	Sống một mình
THỬ LÒNG cụ ông 92 tuổi và vô tình nghe được điều ước đau lòng vào cuối đời của cụ ông. Tập 230	https://www.youtube.com/watch?v=S0QfsWVbkiY	Người lớn tuổi
"Living in a ramshackle hut, being THREATENED every day by a MENTAL brother. Episode 516"	https://www.youtube.com/watch?v=ZV353kp_XjE	Cuộc sống khó khăn
"Cô gái trẻ OÀ KHÓC khi con thơ không có TAI, phải chịu khổ trên vùng đất KHẮC NGHIỆT. Tập 395"	https://www.youtube.com/watch?v=WLT6z8WcyRM	Gia đình có con nhỏ
TỰ LỰC CÁNH SINH..ÔNG CỤ BÀ hàng ngày phải đi nhặt PHÂN BÒ để có GẠO ăn. Tập 75	https://www.youtube.com/watch?v=UzrdYz1G-lA	Người lớn tuổi
TẬN CÙNG NỖI KHỔ..vì sợ hết gạo nên cả gia đình phải ăn BÔNG ĐU ĐỦ đắng hơn thuốc. Tập 70	https://www.youtube.com/watch?v=Slqg2wUYn1Q	Vấn đề sức khỏe
Ba bà cháu LANG THANG ĐI XIN ĂN..để có tiền cho cháu của mình đi học và ăn cơm. Tập 77	https://www.youtube.com/watch?v=t03XDD_IPFY	Cuộc sống khó khăn
"Người đàn ông cả đời SỢ HÃI phụ nữ, phải sống trong căn chòi nát cây cối đè sụp đổ. Tập 502"	https://www.youtube.com/watch?v=pW-OAG_C-gE	Sống một mình
BẤT NGỜ khi nhìn thấy cảnh hai mẹ con sống 15 năm trong HANG ĐÁ phải ăn lá ĐỦ ĐỦ sống qua ngày. #221	https://www.youtube.com/watch?v=zhhVi0j6yEY	Nhà đá
CỤ ÔNG sống trong căn chòi đầy MÙI HÔI đã bị lẫn..và mùa đông lạnh giá đang dần đến với ông. Tập 24	https://www.youtube.com/watch?v=1OxhDTjm4Fs	Sống một mình
“MẸ GIÀ BẬT KHÓC NỨC NỞ” khi nhận được căn nhà MƠ ƯỚC ở tuổi xế chiều. Tập 381	https://www.youtube.com/watch?v=3jH5pxOKsNU	Nhà mới
ÔNG CỤ BÀ còn hai mươi nghìn đồng..vẫn sẵn sàng GIÚP ĐỠ và cho cơm ăn. Tập 13	https://www.youtube.com/watch?v=k1M2oungOoQ	Người lớn tuổi
"Sống trong căn chòi vịt đầy THẢM THƯƠNG, người đàn ông bị liệt nửa người bởi căn bệnh này. Tập 493"	https://www.youtube.com/watch?v=yuwu6lBm3jg	Người lớn tuổi
3 mẹ con sống trong CĂN CHÒI BA VÁCH trên ngọn đồi nhỏ. Phải ăn rau rừng tránh đói qua ngày. Tập 226	https://www.youtube.com/watch?v=GlDrL0rZWDM	Vấn đề sức khỏe
"Nguồn nước còn quý hơn vàng, ước mơ của bà con raglai nghèo khổ nay đã được thực hiện. Tập 183"	https://www.youtube.com/watch?v=RXVoq1PfIT4	Hệ thống cấp nước
Người phụ nữ sống trong rừng VUI MỪNG như trúng số vừa có NHÀ và có GÀ để nuôi. Tập 372	https://www.youtube.com/watch?v=gQvNsAr3IYk	Nhà mới
"DREAMS come true at the age of 60, and the poor's continuous TEARS. Episode 510"	https://www.youtube.com/watch?v=EU2VHeJ7YOU	Nhà mới
Sống trong CĂN CHÒI RÁCH NÁT nghèo khổ đến mức phải tìm kiếm LÁ ĐU ĐỦ để sóng sót. Tập 224	https://www.youtube.com/watch?v=Em8HxDHi9tM	Sống một mình
NỖI KHỔ CỦA NGƯỜI ĐỒNG BÀO..BA MẸ CON ăn chung một chén canh khi về ĐÊM. Tập 92	https://www.youtube.com/watch?v=tENSO5nQJu4	Gia đình có con nhỏ
“BĂNG RỪNG VƯỢT NÚI“ để mang đến ƯỚC MƠ cho cậu bé nghèo sống trong rừng sâu. Tập 232	https://www.youtube.com/watch?v=_-VHdbF5zis	Cuộc sống khó khăn
“19 TUỔI BỊ CHỒNG BỎ RƠI GIỮA RỪNG” 2 mẹ con BẤT NGỜ đổi đời chỉ sau một đêm. Tập 382	https://www.youtube.com/watch?v=DaJTxAhmTDI	Nhà mới
BẤT NGỜ người phụ nữ lớn tuổi hơn 20 năm sống trên núi KHÔNG CHỒNG KHÔNG CON sinh sống qua ngày.#222	https://www.youtube.com/watch?v=ONRBgxt9hxc	Vấn đề sức khỏe
Hai Mẹ Con CỤ BÀ sống ẨN CƯ trong rừng..cuộc sống NGHÈO KHỔ của người MIỀN NÚI. Tập 63	https://www.youtube.com/watch?v=5PIS-KM-DxA	Người lớn tuổi
MỘT GIA ĐÌNH CÓ ĐÔNG CON NHẤT VÙNG..Sống trong CĂN CHÒI RÁCH NÁT gạo không có để ăn. Tập 89	https://www.youtube.com/watch?v=uq5r861HBzA	Cuộc sống khó khăn
SỐNG TRONG CĂN CHÒI RÁCH NÁT TẢ TƠI..Phải cho CON THƠ ăn RAU RỪNG sống qua ngày. Tập 114	https://www.youtube.com/watch?v=3ZpVzOmZbIo	Gia đình có con nhỏ
NGƯỜI CHỒNG VÔ LO..Để vợ con sống trong cảnh ĐÓI KHỔ phải ĂN NHỜ Ở ĐẬU. Tập 120	https://www.youtube.com/watch?v=jC1ir_uDc8w	Cha mẹ đơn thân
XÓT XA..cô bé nhỏ đi bằng BỐN CHÂN trong suốt nhiều năm vẫn TÍCH CỰC và vui vẻ trong cuộc sống Tập27	https://www.youtube.com/watch?v=Qjay2foyO9g	People with Disabilities
"Sống trong căn chòi sắp ĐỔ NÁT trên núi cao, ƯỚC MƠ có cá khô để mà ăn. Tập 442"	https://www.youtube.com/watch?v=TkgOmUsYFoc	Cuộc sống khó khăn
"Điều lo sợ nhất của bé gái 11 tuổi sống trên núi, sợ sẽ không còn cơ hội được đi đến trường. Tập 238"	https://www.youtube.com/watch?v=HdTQ8ln4iOM	Cuộc sống khó khăn
"Cuộc sống quá NGHÈO KHỔ, người phụ nữ phải đi nhặt VE CHAI về tận dụng làm nhà ở. Tập 428"	https://www.youtube.com/watch?v=Mpi9ISaZqTU	Gia đình có con nhỏ
SỐNG TRONG CĂN CHÒI KHÔNG KHÁC GÌ CHUỒNG BÒ..Bệnh đau không tiền mua thuốc ăn bắp thay cơm. Tập 103	https://www.youtube.com/watch?v=ereTRfKIwH4	Vấn đề sức khỏe
Xót Xa khi người phụ nữ nghèo khổ nhiều BỆNH TẬT nhất vùng núi.không có tiền trị bệnh. Tập 163	https://www.youtube.com/watch?v=vsev9VbyJnE	Vấn đề sức khỏe
Xót xa.THIẾU NỮ tuổi đôi mươi bị RUỒNG BỎ khi đang mang thai.Phải về quê nhặt phân bò nuôi con. 133	https://www.youtube.com/watch?v=iNjS3jgLMwQ	Cha mẹ đơn thân
CÙNG CHUNG SỐ PHẬN hai cô THIẾU NỮ nhận được những món quà to lớn đã mơ ước bấy lâu. Tập 158	https://www.youtube.com/watch?v=_hDEPDiVUzg	Nhà mới
Đến thăm lại CỤ ÔNG nằm BẤT ĐỘNG sống trong căn nhà đầy MÙI HÔI. Tập18	https://www.youtube.com/watch?v=qBuFH67L4Tk	Người lớn tuổi
Lời kể của cô THIẾU NỮ 20 tuổi..khi một CĂN BỆNH lạ đã cướp đi đứa con đầu lòng của cô ra đi mãi mãi	https://www.youtube.com/watch?v=kGLxFXL8Wak	Gia đình có con nhỏ
"Mảnh đời hẫm hiu của 2 chị em, chồng mất trên núi phải bỏ lại sự cô độc cho 2 chị em. Tập 184"	https://www.youtube.com/watch?v=KpZZfIxxd7A	Cuộc sống khó khăn
Gia đình đông con nhất vùng..SỐNG TRONG CĂN CHÒI RÁCH NÁT phải nằm dưới ĐẤT ngủ vì chật chổ. Tập 74	https://www.youtube.com/watch?v=1hoBG2pL2vI	Cuộc sống khó khăn
“NGƯỜI MẸ NHỎ TUỔI NHẤT MIỀN NÚI” bị chồng ruồng bỏ bất ngờ nhận quà lớn. Tập 423	https://www.youtube.com/watch?v=_WyoMwHYiIA	Cha mẹ đơn thân
"Ăn ngủ trong rừng, sống trong căn chòi TẢ TƠI, không có GẠO mà ăn. Tập 421"	https://www.youtube.com/watch?v=eVfSQfAyjx4	Người lớn tuổi
“NGƯỜI MẸ KHỜ TRẺ TUỔI NHẤT MIỀN NÚI” Ôm con thơ vào rừng trú ẩn đợi chồng về. Tập 389	https://www.youtube.com/watch?v=H_dcNDQH2lQ	Gia đình có con nhỏ
Bà cụ sống cô đơn trong núi vui mừng oà khóc vì lần đầu được nhận gạo trong đời. Tập 454	https://www.youtube.com/watch?v=kELSccx5GgU	Người lớn tuổi
CỤ BÀ thà NHỊN ĐÓI..không dám bán heo để mua gạo ăn.Nhưng cuối cùng lại bị KẺ XẤU lừa sạch. Tập 50	https://www.youtube.com/watch?v=KyWxUFoS5dI	Sống một mình
BẤT NGỜ 3 mẹ con được MTQ vượt hơn nửa vòng trái đất để đến tận nơi trao tặng căn nhà mơ ước.Tập 189	https://www.youtube.com/watch?v=9SfxF8ktmGQ	Nhà mới
Mảnh đời HẪM HIU của hai CỤ BÀ bị TẬT..hai chị em phải nương tựa nhau mà sống. Tập 52	https://www.youtube.com/watch?v=j3BygClzHIQ	Vấn đề sức khỏe
"Xót xa trước cảnh cháu nhỏ mồ côi,ông bà phải ăn lá ĐU ĐỦ sống để tiết kiệm nuôi cháu ăn học.Tập 235"	https://www.youtube.com/watch?v=y-iDQ04BPgw	Cuộc sống khó khăn
BẤT NGỜ..CỤ BÀ chăn bò đứng BẤT ĐỘNG và muốn bỏ bò tháo chạy khi gặp NGƯỜI LẠ. Tập 23	https://www.youtube.com/watch?v=mgQHyLsmceg	Sống một mình
"Mùng 1 TẾT: Cuộc sống KHỔ CỰC của gia đình nghèo trong căn chòi nhỏ, RẮN ĐỘC KHẮP NƠI. Tập 427"	https://www.youtube.com/watch?v=EiIxaknsQmY	Cuộc sống khó khăn
"Từ lúc người vợ quá cố qua đời, hai cha con ANH CƯỜNG chưa có được một bữa ăn ngon. Tập 200"	https://www.youtube.com/watch?v=RnEk45YjFQs	Cuộc sống khó khăn
Cực khổ nuôi con khi chồng bỏ rơi.Người phụ nữ bị xe tông khi đang đi làm kiếm tiền nuôi con.Tập 149	https://www.youtube.com/watch?v=38pJmHPYcKU	Cha mẹ đơn thân
CĂN CHÒI TRÚ ẨN bên dưới thung lũng sâu. NGƯỜI PHỤ NỮ phải đùm bọc con mình và người dì mù. Tập 157	https://www.youtube.com/watch?v=uVnYwcpK1c8	Cha mẹ đơn thân
BẤT NGỜ PHÁT HIỆN CĂN CHÒI RÁCH NÁT trên đỉnh núi khi đi tìm NGUỒN NƯỚC cho dân làng. Tập 162	https://www.youtube.com/watch?v=CsijoIv7qoU	Cuộc sống khó khăn
"Cả gia đình sống trong CĂN CHÒI RÁCH ước mơ có thịt để ăn, có nơi để ở. Tập 462"	https://www.youtube.com/watch?v=Pe7tEqflCT0	Gia đình có con nhỏ
Chồng qua đời bỏ lại 2 mẹ con sống khổ trong rừng với ƯỚC MƠ còn dang dở. Tập 416	https://www.youtube.com/watch?v=IIcgBCd8PuQ	Cha mẹ đơn thân
GIẢ VỜ BÁN CHIẾC XE ĐẠP 15 TRIỆU và bất ngờ với cách xử lý của người nghèo. Tập 432	https://www.youtube.com/watch?v=d-EzocUXqBA	Cuộc sống khó khăn
MẠNH THƯỜNG QUÂN vượt hơn nửa vòng trái đất để chứng kiến HANG ĐÁ nơi sống của 4 mẹ con. Tập 178	https://www.youtube.com/watch?v=6sle6b4mfK4	Nhà đá
Lên lưng chừng núi để sinh sống. Hai vợ chồng mang bệnh phải ăn ĐU ĐỦ quanh năm thay CƠM. Tập 130	https://www.youtube.com/watch?v=5ff8BHPKBPY	Cuộc sống khó khăn
“THIẾU NỮ” nhỏ tuổi nhất miền núi phải bồng con thơ vào rừng sâu để trú ẩn. Tập 369	https://www.youtube.com/watch?v=dUDXR8my264	Gia đình có con nhỏ
NGỠ NGÀNG khi nhìn thấy cụ ông NGƯỜI ẾCH nhặt phân bò để có tiền mua sữa cho cháu thơ. Tập 148	https://www.youtube.com/watch?v=I0hpJ4gJlFw	Người lớn tuổi
"Người chồng HÀNH HẠ VỢ CON rồi bất ngờ TỰ VẪN, người vợ phải cô độc vào rừ TRÚ ẨN. Tập 412"	https://www.youtube.com/watch?v=UmkS4pz1_U8	Sống một mình
BẤT NGỜ..Cuộc sống gia đình có 7 người con ĐỘT NGỘT tốt lên khi người mẹ vừa bỏ đi. Tập 122	https://www.youtube.com/watch?v=YgGzYr4xzYg	Nhà mới
"Cụ bà sống ẨN CƯ bên trong khu vực nhiều RẮN ĐỘC, phải đi xin ăn để TỒN TẠI. Tập 475"	https://www.youtube.com/watch?v=usEYNNkj7Pw	Người lớn tuổi
GIẢ VỜ lạc đường vào tận rừng sâu gặp trẻ em miền núi và CÁI KẾT đầy bất ngờ. Tập 483	https://www.youtube.com/watch?v=JBS7Wsy5aXk	Gia đình có con nhỏ
NGƯỜI PHỤ NỮ MẮC PHẢI BỆNH LẠ..ăn lá đu đủ quanh năm không có gạo mà ăn. Tập 61	https://www.youtube.com/watch?v=-8RXzen9BZw	Vấn đề sức khỏe
“3 MẸ CON CẢ ĐỜI SỐNG TRONG HANG ĐÁ” vui mừng khi thực hiện được ƯỚC MƠ chăn nuôi. Tập 457	https://www.youtube.com/watch?v=8qJylrEFT4U	Nhà đá
HÀNH TRÌNH MANG NGUỒN NƯỚC VỀ VỚI DÂN LÀNG. MÓN QUÀ TỪ ÂN NHÂN. Tập 500	https://www.youtube.com/watch?v=gkXdagrOrFY	Hệ thống cấp nước
XÓT XA..CỤ BÀ sống trong CĂN NHÀ hai vách dù bệnh đau vẫn cố gắng hốt phân bò để có gạo mà ăn.Tập 43	https://www.youtube.com/watch?v=1fqeqCTavcU	Vấn đề sức khỏe
RỢN NGƯỜI..với lời kể của CỤ ÔNG mắc CĂN BỆNH tâm thần chạy vào rừng sâu trong đêm. Tập 33	https://www.youtube.com/watch?v=wBl-1-cnBZU	People with Disabilities
Người mẹ lập tức về nhà..khi nghe được câu nói này của con mình. Tập16	https://www.youtube.com/watch?v=itz7EfMSFtc	Gia đình có con nhỏ
"TEAR-Drenched Thank You, Finally the Couple's DREAM Has Come True. Episode 507"	https://www.youtube.com/watch?v=lNbyL2jFW1I	Nhà mới
2 mẹ con ăn ngủ trong CĂN CHÒI HAI VÁCH nghèo khổ đến mức không còn gì để ăn. Tập 165	https://www.youtube.com/watch?v=azlsyTyOR5A	Cuộc sống khó khăn
TẬN CÙNG NỖI KHỔ..CỤ BÀ SỐNG CÔ ĐỘC mỗi ngày ăn khoai mì vì sợ hết GẠO. Tập 67	https://www.youtube.com/watch?v=koGtMuGk6Xg	Người lớn tuổi
Gặp SỰ CỐ khi đến thăm người nghèo dưới thung lũng núi.Suýt rơi xuống núi khi đi chặt CHUỐI. Tập 171	https://www.youtube.com/watch?v=WroNRF7fnPY	Cuộc sống khó khăn
"Khổ không ai bằng, 3 mẹ con sống trong TÚP LỀU tàn, ăn BẮP thay cơm nơi đồng khô cỏ cháy. Tập 394"	https://www.youtube.com/watch?v=N-v9CuSH-_c	Vấn đề sức khỏe
Người ĐÀN ÔNG bị vợ con bỏ mặt..sống CÔ ĐỘC trên núi cùng với động vật.Tập 25	https://www.youtube.com/watch?v=Zn0d1dEAKZI	Sống một mình
CHUYẾN HÀNH TRÌNH VƯỢT HÀNG TRĂM CÂY SỐ ĐỂ VÀO SÀI GÒN CHỮA TRỊ CÁNH TAY CHO NGƯỜI ĐÀN ÔNG. Tập 225	https://www.youtube.com/watch?v=_LFVvtx90MM	Vấn đề sức khỏe
Cố gắng THOÁT NGHÈO không may ĐỔ NỢ bị siết đất gia đình nghèo không nơi dung thân. Tập 435	https://www.youtube.com/watch?v=x9m5K7G0-XI	Gia đình có con nhỏ
Cuộc sống ÉO LE của 3 mẹ con sống trong căn chòi dột nát con trai không nói được. Tập 418	https://www.youtube.com/watch?v=rNUQ2XH2lds	Gia đình có con nhỏ
Cả đời “ĂN NHỜ Ở ĐẬU” không có nơi nương tựa phải ở CHUỒNG DÊ có gì ăn đó. Tập 370	https://www.youtube.com/watch?v=b--2Wzrsa5Y	Sống một mình
NGƯỜI PHỤ NỮ NGHÈO KHỔ VUI MỪNG..Khi nhận được những phần quà. Tập 116	https://www.youtube.com/watch?v=NT-okRVVGl0	Cuộc sống khó khăn
Những ĐỨA TRẺ ngây thơ..và căn nhà MƠ ƯỚC. Tập 09	https://www.youtube.com/watch?v=HgDqdh_oCgw	Nhà mới
Chồng qua đời bỏ lại 3 mẹ con đơn côi lẻ bóng không nơi nương tựa. KHÓC CẠN NƯỚC MẮT. Tập 167	https://www.youtube.com/watch?v=rbRDhwaB3J0	Cha mẹ đơn thân
BẤT NGỜ CỤ ÔNG NHẶT VE CHAI BỊ CỤT MỘT CHÂN ĐẠP XE ĐẠP TRONG TRỜI GIÓ LỚN ĐỂ KIẾM SỐNG. Tập 53	https://www.youtube.com/watch?v=7tWeSO43uZA	People with Disabilities
Lời kể RỢN NGƯỜI của CỤ BÀ khi đi lạc trong rừng sâu..Vùng đất có vô số điều bí ẩn. Tập 28	https://www.youtube.com/watch?v=Zno5H1PpzaA	Người lớn tuổi
Sống trong CĂN CHÒI ĐỘC LẠ NHẤT MIỀN NÚI phải ra biển nhặt lưới về làm nhà. Tập 343	https://www.youtube.com/watch?v=PgrXC9wEDbI	Cuộc sống khó khăn
Chồng rời khỏi thế gian bỏ lại 3 mẹ con sống KHỔ SỞ trong căn chòi RÁCH NÁT. Tập 443	https://www.youtube.com/watch?v=bGtREj6VPd8	Cha mẹ đơn thân
Vượt qua “MƯA TO GIÓ LỚN” để trao tặng ƯỚC MƠ cho người nghèo. Tập 373	https://www.youtube.com/watch?v=Dxlyr5Jv8EU	Nhà mới
Vượt qua đỉnh núi CHÔNG GAI dây leo nhốt giữa rừng KHÔNG ĐƯỜNG LUI khi đi tiếp tế lương thực.Tập 179	https://www.youtube.com/watch?v=5imd49FemPg	Cuộc sống khó khăn
Người phụ nữ 2 đời chồng ở trong căn chòi 2 vách. Nhặt ve chai cả đời cũng không có ăn. Tập 180	https://www.youtube.com/watch?v=1_S5A6bWpRY	Cuộc sống khó khăn
ĐI LẠC VÀO RỪNG SÂU..Đói không có gì ăn phải xin gia đình NGHÈO KHỔ CHUỐI NƯỚNG ĂN THAY CƠM. Tập 94	https://www.youtube.com/watch?v=8l3wvA8fWw8	Cuộc sống khó khăn
Vì người nghèo..GIAN NAN KHÔNG CHÙN BƯỚC. CỤ BÀ BẬT KHÓC vì nhận được quà lớn. Tập 62	https://www.youtube.com/watch?v=bWoX16ub9Xs	Người lớn tuổi
TẬN CÙNG CỦA NỖI KHỔ..CON BỆNH KHÔNG CÓ TIỀN MUA THUỐC.ĂN MĂNG RỪNG SỐNG QUA NGÀY. Tập 40	https://www.youtube.com/watch?v=L9DuN5ZziPg	Gia đình có con nhỏ
Người mẹ trẻ KHÓC NẤC vì nguy cơ sẽ bị con suối NGUY HIỂM NHẤT cuốn trôi cả gia đình. Tập 436	https://www.youtube.com/watch?v=At0eZO1oFCs	Gia đình có con nhỏ
Bà con NGHÈO vùng núi kéo nhau đến nhận cơm tình thương sau một ngày làm việc Vui như tết. Tập 145	https://www.youtube.com/watch?v=SoculUY1Rb0	Hoạt động cộng đồng
"Vào rừng sâu để TRUY TÌM người phụ nữ ở nhà RÁCH NÁT sống chung với GÀ,TÁCH BIỆT với xã hội. Tập 153"	https://www.youtube.com/watch?v=iNInKHXx_OY	Cuộc sống khó khăn
Những giọt nước mắt và ƯỚC MƠ của người phụ nữ BỆNH LAO PHỔI dành cho con của mình. Tập 444	https://www.youtube.com/watch?v=NPHUZB2A1qc	Vấn đề sức khỏe
3 mẹ con sống trong “CĂN CHÒI THẢM THƯƠNG” nghèo khổ không một xu dính túi. Tập 376	https://www.youtube.com/watch?v=gmVHQ3eD5Bc	Cuộc sống khó khăn
"Cuộc sống CÔ ĐỘC trong rừng sâu. Bị MA QUỶ chọc phá quanh năm, nhớ chồng đến khóc nức nở. Tập 176"	https://www.youtube.com/watch?v=ESFVARCmiIA	Sống một mình
VUI MỪNG gia đình người phụ nữ BỆNH LAO PHỔI khi có NHÀ và GÀ đã không còn khổ như trước. Tập 463	https://www.youtube.com/watch?v=3bBgqG2hDfQ	Vấn đề sức khỏe
BẤT NGỜ gặp RẮN nằm trên bếp gia đình ăn tất cả mọi thứ có trên rừng núi kể cả RẮN ĐỘC. Tập 141	https://www.youtube.com/watch?v=qTrX-ZJyytQ	Cuộc sống khó khăn
ÔNG CỤ BÀ vui vẻ..vẫn tạo NIỀM VUI cho nhau khi về già.Và chiếc xe đạp lúc mới yêu. Tập 12	https://www.youtube.com/watch?v=apEbIMuMCq0	Người lớn tuổi
Dù cuộc sống đã tốt hơn trước...nhưng người ĐÀN ÔNG không thể giấu được  NỖI BUỒN. Tập 32	https://www.youtube.com/watch?v=Urjr2zffhf0	Cuộc sống khó khăn
“HÀNH TRÌNH THỰC HIỆN ƯỚC MƠ” Cho đôi vợ chồng trẻ tuổi nhất miền núi. Tập 386	https://www.youtube.com/watch?v=7GS56hyhSjo	Nhà mới
Tá hoả khi nhìn thấy cảnh này.Sống trong rừng suốt 18 năm sử dụng nước ô nhiễm nhất thế giới.Tập 172	https://www.youtube.com/watch?v=5HzoYAyWMrQ	Gia đình có con nhỏ
BẤT NGỜ..Hai mẹ con sống trong CĂN CHÒI RÁCH NÁT đổi đời chỉ sau một đêm. Tập 134	https://www.youtube.com/watch?v=w2cN_bWs0xg	Nhà mới
HÀNH TRÌNH...hỗ trợ và thi công ngồi nhà tình thương cho CỤ BÀ sống trong ngôi nhà như CHUỒNG GÀ /08	https://www.youtube.com/watch?v=wxqfE48Usvs	Nhà mới
"Chồng nhẫn tâm BỎ RƠI, cô gái trẻ phải ôm con vào rừng TRÚ ẨN để tìm cuộc sống mới. Tập 479"	https://www.youtube.com/watch?v=3puvGNO61mY	Cha mẹ đơn thân
“NGƯỜI PHỤ NỮ VỠ OÀ CẢM XÚC” bỗng dưng ƯỚC MƠ trở thành sự thật. Tập 367	https://www.youtube.com/watch?v=RyiWQIsYD9o	Nhà mới
CHUYẾN HÀNH TRÌNH ĐẦY GIAN NAN để mang nguồn nước sạch về cho bà con nghèo. Tập 207	https://www.youtube.com/watch?v=cUOHq_CNTGM	Hệ thống cấp nước
NGƯỜI ĐÀN ÔNG SỐNG TRONG CĂN CHÒI RÁCH NÁT VỚI ĐỘNG VẬT..ĂN CHÁO BẮP THAY CƠM. Tập 88	https://www.youtube.com/watch?v=Qgq_ppPcf8c	Sống một mình
Sống trên TẢNG ĐÁ cùng 5 ĐỨA CHÁU NHỎ hơn 20 năm..TẬN CÙNG NỖI KHỔ. Tập 118	https://www.youtube.com/watch?v=-pjTcjhLMus	Nhà đá
CỤ ÔNG lượm phân bò cố gắng nhảy để mừng người quen đến thăm..dù bản thân đã dần tiều tụy. Tập 34	https://www.youtube.com/watch?v=-qUY7v4ZGR0	Cuộc sống khó khăn
Cuộc sống nghèo khổ của 3 mẹ con.Phải vượt hàng trăm cây số mỗi ngày để kiếm tiền mua gạo ăn.Tập 150	https://www.youtube.com/watch?v=epwxaZActck	Gia đình có con nhỏ
"Cụ bà TRÚ ẨN trong rừng sâu không ai biết đến, cả đời chỉ sống chung với ĐỘNG VẬT. Tập 494"	https://www.youtube.com/watch?v=UdFmA_meb8k	Người lớn tuổi
Nghẹn lòng cụ bà khó khăn nhất miền núi. phải nuôi hai cháu nhỏ gạo không có mà ăn. Tập 127	https://www.youtube.com/watch?v=FEATSR7TRsA	Gia đình có con nhỏ
Hành trình CỰC KHỔ nhất vận chuyển vật tư lên đỉnh núi cao dựng lên mái ấm tình thương Tập 199	https://www.youtube.com/watch?v=4iqvVPlYfbU	
Người chồng không chịu nổi cảnh khổ phải bỏ rơi 3 mẹ con giữa rừng. Tập 409	https://www.youtube.com/watch?v=Q7eD5zEh6E4	Hoạt động cộng đồng
HÀNH TRÌNH...Đi tìm lại đôi chân để cậu bé thực hiện ƯỚC MƠ của mình. Tập 17	https://www.youtube.com/watch?v=4dbudkIcV8Q	Vấn đề sức khỏe
Vào rừng TRUY TÌM căn chòi rách nát và BẤT NGỜ cuộc sống đói khổ của 3 mẹ con không có gì ăn.Tập 135	https://www.youtube.com/watch?v=qfWP7ql1xkY	Gia đình có con nhỏ
"KHÔNG CÓ AI KHỔ BẰNG, hai mẹ con không có CƠM ăn mưa gió phải núp trong HANG ĐÁ. Tập 201"	https://www.youtube.com/watch?v=5sQA-nacq4g	Nhà đá
"Người đàn ông nghèo, cả đời chỉ sống chung với ĐỘNG VẬT xem khỉ là người vợ đã mất. Tập 450"	https://www.youtube.com/watch?v=OGcrFYI_V8g	Sống một mình
Cuộc sống NGHÈO KHỔ bé gái nhỏ tuổi phụ mẹ nhặt hạt điều kiếm tiền mua sữa và có gạo để ăn. Tập 144	https://www.youtube.com/watch?v=wViItUXM7zA	Gia đình có con nhỏ
Đột nhập vào trong gia đình nghèo khổ. GIẢ VỜ ăn trộm trứng gà và CÁI KẾT. Tập 495	https://www.youtube.com/watch?v=YPamhh3XnoE	Gia đình có con nhỏ
THỬ LÒNG chị lan bán chiếc kính mạ vàng để trả nợ VÀ CÁI KẾT. Tập 481	https://www.youtube.com/watch?v=9Jcbf1lAPhA	Vấn đề sức khỏe
Lọt vào khu rừng đẹp nhất để tìm lại CĂN CHÒI CŨ NÁT của người đàn ông. Tập 364	https://www.youtube.com/watch?v=oAAk5yQPMzQ	Sống một mình
Bất ngờ TRÚNG SỐ ĐỘC ĐẮC mua xe ô tô và giúp đỡ cho người nghèo miền núi. Tập 437	https://www.youtube.com/watch?v=tLJxB7NkvJY	Nhà mới
CỤ BÀ KHỔ TÂM KỂ LẠI..giữa mùa đông phải dắt hai đứa cháu nhỏ đi tìm đứa cháu lớn. Tập 67	https://www.youtube.com/watch?v=M4nOvxqep6k	People with Disabilities
BẤT NGỜ..NGƯỜI ĐÀN ÔNG trở thành GÀ TRỐNG NUÔI CON vì VỢ BỎ ĐI không một LÝ DO. Tập 113	https://www.youtube.com/watch?v=QRwISgM4jhI	Cha mẹ đơn thân
CỤ BÀ phải ăn KHOAI LANG VÀ ĐỒ CÚNG NGOÀI NGHĨA TRANG để sống qua ngày..Vì không có GẠO. Tập 83	https://www.youtube.com/watch?v=YciT0OoTSjs	Người lớn tuổi
CỤ ÔNG lượm phân bò VUI MỪNG nhảy vũ điệu CHÂN SÁO khi nhận được món quà này…Tập 15	https://www.youtube.com/watch?v=xBcE_kwR24I	Sống một mình
THỰC HIỆN ƯỚC MƠ CUỐI CÙNG cho 3 mẹ con có căn nhà xinh đẹp ở trên vùng núi. Tập 408	https://www.youtube.com/watch?v=cAjguMjpkuw	Nhà mới
“BĂNG RỪNG VƯỢT NÚI” để đến thăm 2 mẹ con nghèo trong rừng sâu. Tập 362	https://www.youtube.com/watch?v=w8swM4Vn5co	Cuộc sống khó khăn
HAI MẸ CON CỤ BÀ CỨ NGỠ LÀ GIẤC MƠ..Vì đã có được NGÔI NHÀ TÌNH THƯƠNG và cuộc sống ấm no. Tập 98	https://www.youtube.com/watch?v=zKhMOY_TPWI	Nhà mới
MẠNH THƯỜNG QUÂN VƯỢT HÀNG TRĂM CÂY SỐ..Để trao tặng 100 phần quà tết để bà con được ấm no. Tập 82	https://www.youtube.com/watch?v=n0avOoi6dwo	Hoạt động cộng đồng
NGUYỆN VỌNG CUỐI CÙNG cho các con của người mẹ tâm thần và mắc căn bệnh tim. Tập 403	https://www.youtube.com/watch?v=pRpy9Do1YbM	Vấn đề sức khỏe
TẬN CÙNG CỦA NỖI KHỔ..sống trong căn nhà RÁCH NÁT phải ăn cơm trắng nhường đồ ăn cho con mình.Tập 44	https://www.youtube.com/watch?v=jrQgDschwY4	Gia đình có con nhỏ
ĐƯA NGƯỜI ĐÀN ÔNG NGHÈO KHỔ. Vào sài gòn chữa trị CĂN BỆNH LAO PHỔI. Tập 109	https://www.youtube.com/watch?v=QDHK0yPDLMk	Vấn đề sức khỏe
Người phụ nữ CƯỜI RỚT RĂNG khi khi nhận được gà để có cơ hội phát triển KINH TẾ. Tập 487	https://www.youtube.com/watch?v=_AJISgpUOUA	Tất Cả Về Gà
"CĂN NHÀ MƠ ƯỚC ĐẸP LUNG LINH trong rừng sâu, 6 mẹ con mừng RỚT NƯỚC MẮT. Tập 448"	https://www.youtube.com/watch?v=IbSScxRd8-k	Nhà mới
“BẤT NGỜ NGƯỜI PHỤ NỮ ĐỔI ĐỜI CHỈ SAU 1 ĐÊM” Khi chồng nhẫn tâm bỏ rơi vợ con giữa rừng. Tập 390	https://www.youtube.com/watch?v=mNuuCPYUFQs	Nhà mới
Cô bé xinh đẹp sống trong rừng ƯỚC MƠ làm cô giáo để nuôi mẹ già. Tập 503	https://www.youtube.com/watch?v=qLyrsSOcVnY	Cha mẹ đơn thân
PHẦN 2: VÀO TẬN TRONG RỪNG SÂU..Để hiểu rõ và cảm nhận cuộc sống của NGƯỜI NGHÈO. Tập 101	https://www.youtube.com/watch?v=vwDBbnCxv1k	Cuộc sống khó khăn
THỬ LÒNG người nghèo khi TIẾN bị lạc đường cần sự giúp đỡ và cái kết không thể bất ngờ hơn. Tập 229	https://www.youtube.com/watch?v=53kM7cTvLRU	Gia đình có con nhỏ
3 mẹ con sống trong rừng sâu mỗi ngày đều ăn lá ĐU ĐỦ để tồn tại trong rừng. Tập 357	https://www.youtube.com/watch?v=AtkNVhYiIlY	Cuộc sống khó khăn
"Bà con nghèo sống trong rừng sâu nhận được quà lớn, vui mừng không nói nên lời. Tập 397"	https://www.youtube.com/watch?v=zxD_Us8jk20	Nhà mới
Đôi vợ chồng sống trong rừng sâu không có gì ăn. Nhiều năm người vợ chỉ ăn CƠM với NƯỚC LÃ. Tập 175	https://www.youtube.com/watch?v=_Hl3MdQwCV0	Người lớn tuổi
CỤ ÔNG nằm BẤT ĐỘNG...trong căn nhà đầy MÙI HÔI và xem chú chó là NGƯỜI VỢ của mình. Tập 11	https://www.youtube.com/watch?v=R1rEtFNcEZE	Sống một mình
BẤT NGỜ người đàn ông sống cả đời nhờ ăn lá ĐU ĐỦ sống trong CĂN CHÒI RÁCH NÁT. Tập 160	https://www.youtube.com/watch?v=dE9bU81mrqI	Cuộc sống khó khăn
“KHÔNG AI KHỔ BẰNG” Người vợ nuôi chồng TÀN TẬT khổ đến mức không có cháo mà ăn. Tập 346	https://www.youtube.com/watch?v=-Q6hlks3RgQ	People with Disabilities
"Sống trong “CĂN CHÒI THÊ THẢM” dưới gốc cây, 2 bà cháu không còn gì để ăn. Tập 476"	https://www.youtube.com/watch?v=XHUqzlczj6M	Cuộc sống khó khăn
Cô gái trẻ tuổi cùng con thơ vào vùng đất KHẮC NGHIỆT nhất để trú ẩn sống qua ngày. Tập 378	https://www.youtube.com/watch?v=s5Ly1fUqfc0	Hoạt động cộng đồng
“TÀN NHƯNG KHÔNG PHẾ” Người đàn ông sống cô độc một mình trong rừng sâu chỉ 1 chân. Tập 393	https://www.youtube.com/watch?v=Nz-_mIO2beQ	Sống một mình
Sống trong CĂN CHÒI RÁCH NÁT..Ban đêm không dám ở vì sợ trộm đột nhập. Tập 73	https://www.youtube.com/watch?v=VZWLD8z4Z5c	Gia đình có con nhỏ
"Cuộc sống nghèo khổ trên đỉnh núi cao, người đàn ông ngủ chung với GÀ mỗi đêm. Tập 187"	https://www.youtube.com/watch?v=hzNXzFmuz44	Cuộc sống khó khăn
BẤT NGỜ gia đình nghèo có NGUỒN NƯỚC THẦN từ thiên nhiên ban tặng. Tập 434	https://www.youtube.com/watch?v=HSrJYAJCugo	Vấn đề sức khỏe
Cuộc sống hiện tại của 4 mẹ con sống trong HANG ĐÁ GIỜ RA SAO? Vui mừng khi nhận được quà. Tập 210	https://www.youtube.com/watch?v=I9pbLdE0_EA	Gia đình có con nhỏ
“NGHÈO RỚT MỒNG TƠI” phải nằm ngủ dưới đất 18 năm RẮN ĐỘC bao vây nơi ở. Tập 349	https://www.youtube.com/watch?v=Z19Ko6icSPY	Cuộc sống khó khăn
SỐNG TRONG CĂN CHÒI ĐỔ NÁT THUA CHUỒNG GÀ..Hai mẹ con CỤ BÀ phải ăn lá ĐU ĐỦ mỗi ngày để sống.Tập 90	https://www.youtube.com/watch?v=L63xMXNNDLY	Người lớn tuổi
"Poor old lady ""EXCELLENTLY EXPLODES EMOTIONS"" when her DREAM comes true, a beautiful house is bui..."	https://www.youtube.com/watch?v=jzhPF5vh254	Nhà mới
GIẢ VỜ vào rừng sâu nghèo khổ để xin trẻ con về nuôi và cái kết BẤT NGỜ. Tập 515	https://www.youtube.com/watch?v=8A3GCd3i9uo	Gia đình có con nhỏ
"GIA ĐÌNH NGHÈO VỠ OÀ CẢM XÚC, bỗng dưng ƯỚC MƠ trở thành sự thật. Tập 449"	https://www.youtube.com/watch?v=_ND9mKVnaBE	Nhà mới
BẤT NGỜ 3 mẹ con sợ hãi khi nhận được một số tiền lớn từ MẠNH THƯỜNG QUÂN ở mỹ gửi về. Tập 202	https://www.youtube.com/watch?v=Zz7o-AU8jr8	Cuộc sống khó khăn
"Hai vợ chồng ăn ngủ ở rừng, nghèo khổ đến mức 1 hạt gạo không có mà ăn. Tập 439"	https://www.youtube.com/watch?v=T53Z8eCiPYs	Cuộc sống khó khăn
RỢN NGƯỜI khi nghe 2 cô con gái kể về người cha đã mất HIỆN VỀ lúc nửa đêm. Tập 430	https://www.youtube.com/watch?v=lpCB1wFvwKg	Cha mẹ đơn thân
“KHÔNG AI KHỔ BẰNG” 3 bà cháu sống trong căn chòi 2 vách không có gì để ăn. Tập 341	https://www.youtube.com/watch?v=9QAdZPjgBwA	Người lớn tuổi
BẤT NGỜ PHÁT HIỆN hang đá nơi sinh sống hơn 10 năm của đôi vợ chồng trên đỉnh núi cao. Tập 164	https://www.youtube.com/watch?v=pogpNNZQVog	Nhà đá
Gia đình nghèo khổ đông con nhất vùng núi phải nằm ngủ dưới đất ăn lá rừng để tồn tại. Tập 357	https://www.youtube.com/watch?v=QvrX7X6s17k	Gia đình có con nhỏ
Gia đình nghèo cứ ngỡ là GIẤC MƠ vì ĐỔI ĐỜI CHỈ SAU 1 đêm có nhà mới. Tập 398	https://www.youtube.com/watch?v=miKaUCStj1g	Nhà mới
TẬN CÙNG CỦA NỖI ĐAU..NGƯỜI PHỤ NỮ khóc thành sông thành biển vì CĂN BỆNH của con mình. Tập 65	https://www.youtube.com/watch?v=ABSl7lz1LEY	People with Disabilities
Cậu Bé Kì Lạ Nhất Thế Giới Không Thể Tin Là Họ Còn Tồn Tại Bên Trong Rừng Sâu. Tập 438	https://www.youtube.com/watch?v=F4_NEfegF-k	People with Disabilities
NGƯỜI PHỤ NỮ BỆNH TIM nghèo khổ đến mức phải ăn lá rừng không tên tuổi vì không có gạo ăn. Tập 169	https://www.youtube.com/watch?v=7dzt-PGf_5Y	Vấn đề sức khỏe
NGỠ NGÀNG..Người phụ nữ sống cùng con thơ trong CĂN CHÒI THUA CÁI CHUỒNG GÀ trên núi cao. Tập 123	https://www.youtube.com/watch?v=_731U1SWz3A	Gia đình có con nhỏ
"CƠN MƯA LỚN đã lấy đi căn chòi của 3 bà cháu, ƯƠM MẦM hạt giống để TỒN TẠI. Tập 477"	https://www.youtube.com/watch?v=XT9axTQW-Kg	Vấn đề sức khỏe
BẤT NGỜ..Lạc vào ngôi làng NGHÈO KHỔ chỉ có phụ nữ và trẻ con không có một người ĐÀN ÔNG nào. TẬP 39	https://www.youtube.com/watch?v=1QsvlDNwz64	Cuộc sống khó khăn
Mang niềm vui nhỏ bé đến cho ÔNG CỤ vác củi..Và điều BẤT NGỜ là ông rất đông CON CHÁU. Tập 10	https://www.youtube.com/watch?v=jzzjdbi0RkI	Người lớn tuổi
“HÀNH TRÌNH” vượt con dốc núi cao nhất để cung cấp lương thực cho người nghèo. Tập 371	https://www.youtube.com/watch?v=33TRX1KLwL0	Gia đình có con nhỏ
"ĐỔI ĐỜI SAU 1 ĐÊM, 4 mẹ con sống trong rừng sâu bất ngờ nhận được CĂN NHÀ TÌNH THƯƠNG. Tập 406"	https://www.youtube.com/watch?v=tPuUVXKdEtg	Nhà mới
KÌ LẠ...người đàn ông sống cô độc trong căn chòi RÁCH NÁT TE TUA. Tập 21	https://www.youtube.com/watch?v=c1BxLWK6k7U	Sống một mình
BA MẸ CON ĐI CHĂN DÊ..BẤT NGỜ NHẬN ĐƯỢC MÓN QUÀ LỚN..Và TẾT NÀY ĐƯỢC ẤM NO. Tập 85	https://www.youtube.com/watch?v=P_9dUThXvug	Gia đình có con nhỏ
THIẾU NỮ 20 tuổi chấp nhận NGHÈO KHỔ ôm con vào rừng sâu TRÚ ẨN. Tập 484	https://www.youtube.com/watch?v=2-BrwV-TyUE	Gia đình có con nhỏ
Cuộc sống mưu sinh của NGƯỜI ĐÀN ÔNG TÀN TẬT trước cảnh khổ và bất lực khi mất đi 1 cánh tay.Tập 216	https://www.youtube.com/watch?v=6sYWinBBGqI	People with Disabilities
CỤ ÔNG SỐNG TRONG CĂN CHÒI VEN ĐƯỜNG. BỆNH ĐAU không ai chăm không có gì ăn. Tập 64	https://www.youtube.com/watch?v=BVT7-EgPGUw	Người lớn tuổi
"Người đàn ông cả đời không có vợ con, BẤT NGỜ nhận được món quà to lớn. Tập 380"	https://www.youtube.com/watch?v=Sp0toNI9uis	Sống một mình
Bất ngờ 4 mẹ con sống trong HANG ĐÁ đổi đời liên tục và nhận được phần quà giá trị lớn. Tập 195	https://www.youtube.com/watch?v=HLK916YlNts	Nhà mới
"Phải sống KHỔ SỞ trong rừng sâu, mưa to gió lớn 3 mẹ con chỉ biết ôm nhau mà khóc. Tập 347"	https://www.youtube.com/watch?v=_WYxNlEAECw	Gia đình có con nhỏ
"HOÀN CẢNH ĐÁNG THƯƠNG trong rừng sâu, 4 bà cháu nhặt mọi thứ từ BÃI RÁC về để ở. 219"	https://www.youtube.com/watch?v=JTS5fwbECeE	Cuộc sống khó khăn
"12 năm khi chồng qua đời, mẹ già phải sống KHỔ SỞ trong rừng sâu ăn trái rừng để tồn tại. Tập 379"	https://www.youtube.com/watch?v=Fk5X9z-h9Ww	Người lớn tuổi
Lần HỨA HẸN đối đáp giữa thơ và nhạc..cùng CỤ ÔNG sống trong căn nhà hoang. Tập 02	https://www.youtube.com/watch?v=cfrguR5oD9I	Người lớn tuổi
Sống trong CĂN CHÒI còn thua CHUỒNG GÀ..Người phụ nữ bị chồng BẠO HÀNH khổ TỘT CÙNG. Tập 57	https://www.youtube.com/watch?v=xck8Sor2DBQ	Cha mẹ đơn thân
“VỠ OÀ CẢM XÚC” khi ƯỚC MƠ đã thành sự thật. Tập 463	https://www.youtube.com/watch?v=6_TN7iP8AE0	Nhà mới
HÀNH TRÌNH KHÓ KHĂN..Kéo ống nước lên SUỐI NGUỒN để mang NGUỒN NƯỚC về cho NGƯỜI NGHÈO. Tập 115	https://www.youtube.com/watch?v=KNtXHRBXM3c	Hệ thống cấp nước
HÃI HÙNG suýt bị rơi xuống vực sâu khi lên núi cao hỗ trợ lương thực cho người nghèo. Tập 137	https://www.youtube.com/watch?v=Bpldeyy6rdM	Người lớn tuổi
VÙNG ĐẤT KHẮC NGHIỆT NHẤT. Người phụ nữ phải làm lụng VẤT VẢ để có tiền chữa trị BỆNH. Tập 170	https://www.youtube.com/watch?v=RbuyJch5Obs	Vấn đề sức khỏe
HÀNH TRÌNH THỰC HIỆN ƯỚC MƠ CHO DÂN LÀNG Từ nay sẽ không còn sử dụng nguồn nước bị Ô NHIỄM. Tập 173	https://www.youtube.com/watch?v=4EKhVluZ7Rw	Hệ thống cấp nước
HỖ TRỢ...và thi công dựng lên căn nhà tình thương cho vợ chồng CỤ BÀ sống trên núi. Tập 07	https://www.youtube.com/watch?v=hc8saGcQUlQ	Người lớn tuổi
“MẸ BỊ TÂM THẦN CỰC KHỔ NUÔI CON” phải sống trong rừng không có cháo mà ăn. Tập 396	https://www.youtube.com/watch?v=KyW0Bd0a5UI	Vấn đề sức khỏe
Đau xót khi nhìn thấy cảnh chú chó cực khổ nuôi bị người độc ác chặt mất đôi chân. Tập 194	https://www.youtube.com/watch?v=fJmYS-ylAvE	Cuộc sống khó khăn
"Cô gái trẻ mang bụng bầu to, bán hết đất đai để đổi lấy nguồn nước từ thiên nhiên. Tập 441"	https://www.youtube.com/watch?v=IyaoeJa7Siw	Cuộc sống khó khăn
BẤT NGỜ vì không có đủ GẠO để ăn. Người đàn ông phải ăn thêm quả rừng chát quéo lưỡi. Tập 136	https://www.youtube.com/watch?v=SsZYeTvG4CQ	Cuộc sống khó khăn
Tin được không...Hai ÔNG BÀ CỤ sống trong căn nhà RÁCH NÁT TÃ TƠI. Tận cùng của nỗi khổ. Tập 05	https://www.youtube.com/watch?v=1-3y3s8cz7w	Người lớn tuổi
"Không ai khổ bằng,cuộc sống nghèo đói của 3 mẹ con trên đỉnh núi cho con nghỉ học để kiếm ăn.Tập 186"	https://www.youtube.com/watch?v=N-R8WmuD_k0	Gia đình có con nhỏ
GIA ĐÌNH KÌ LẠ CỦA CỤ ÔNG..Ăn uống sinh hoạt chung nhưng lại tách biệt sống riêng. Tập 68	https://www.youtube.com/watch?v=EURkOkThJBk	Người lớn tuổi
"Sống trong CĂN CHÒI SỤP ĐỔ, bé gái phải chịu cảnh HÀNH HẠ ĐÁNH ĐẬP suốt thời gian dài. Tập 440"	https://www.youtube.com/watch?v=kgwt23wmNd8	Cha mẹ đơn thân
Cả đời làm “MỤ ĐỠ ĐẺ TRONG RỪNG” phải đi lụm CỨ.C BÒ để đổi gạo ăn. Tập 499	https://www.youtube.com/watch?v=RV8WFYtLqYo	Cuộc sống khó khăn
NGÔI LÀNG ĐÓI KHỔ TRONG VÙNG NÚI SÂU XA..VUI MỪNG khi được nhận quà TÌNH THƯƠNG. Tập 106	https://www.youtube.com/watch?v=UIyGcxario4	Gia đình có con nhỏ
KHÓ KHĂN CHỒNG CHẤT..Vợ BỆNH NẶNG phải một mình chăm lo cho những đứa con. Tập 117	https://www.youtube.com/watch?v=mRwIbZvjpW8	Cuộc sống khó khăn
BẤT NGỜ với căn chòi của 3 mẹ con sống cạnh VỰC ĐÁ nghèo khổ đến mức phải nằm ngủ dưới đất. Tập 240	https://www.youtube.com/watch?v=sCtEvSrp2ZM	Gia đình có con nhỏ
Bất ngờ đại gia đình ông mười vượt nửa vòng trái đất đến nơi nghèo khổ tặng nhà cho người nghèo. 192	https://www.youtube.com/watch?v=OEb-vrJYiBg	Nhà mới
ƯỚC MƠ CỦA NGƯỜI PHỤ NỮ..chỉ mong sao có CƠM ĂN ngày ba bữa là hạnh phúc không cần gì nữa. Tập 80	https://www.youtube.com/watch?v=ko0d8e_3rDI	Cuộc sống khó khăn
“BẬT KHÓC CỨ NGỠ LÀ GIẤC MƠ” hành trình trao tặng ngôi nhà mơ ước cho người nghèo. Tập 374	https://www.youtube.com/watch?v=0BRvs-xSbAE	Nhà mới
BẤT NGỜ trước cảnh hai vợ chồng ăn tất cả lá rừng để tồn tại trên vùng đất KHẮC NGHIỆT. Tập 139	https://www.youtube.com/watch?v=3rpuZdeaRus	Cuộc sống khó khăn
CẢI TIẾN CĂN NHÀ bà con nghèo vui sướng không nói nên lời. Tập 420	https://www.youtube.com/watch?v=zHcdzN0xgpo	Nhà mới
"“VỠ OÀ CẢM XÚC” khi ƯỚC MƠ đã trở thành sự thật, đổi đời chỉ sau 1 đêm. Tập 482"	https://www.youtube.com/watch?v=RdfYvQg3jjs	Nhà mới
MẸ GIÀ UẤT ỨC..khi kể lại về người con của mình lúc còn sống.Vất vả không có GẠO mà ăn. Tập 56	https://www.youtube.com/watch?v=gkxkhf3z96Y	Người lớn tuổi
THỬ LÒNG CỤ BÀ VUI TÍNH..đến xin ăn và nước uống và phản ứng bất ngờ của CỤ BÀ. Tập 78	https://www.youtube.com/watch?v=3b21YKaXOvY	Người lớn tuổi
3 hộ hoàn cảnh nghèo may mắn nhận được tiền của MTQ để mua tôn và những nụ cười hạnh phúc. Tập 352	https://www.youtube.com/watch?v=F_Z7t3Pfps0	Cuộc sống khó khăn
"Người phụ nữ khóc NỨC NỞ, cứ ngỡ mọi thứ chỉ là GIẤC MƠ. Tập 464"	https://www.youtube.com/watch?v=6RKPQVuDtPA	Nhà mới